id,domain,status,purchase_price,renewal_price,attractiveness,demand,length,registrar,created_at,expires_at
0022d659-3566-4ae7-aa4b-eb1497ed780e,tirades.tech,available,13.99,,46,1,7,name.com,,
00361718-6c58-4186-a8d2-7ff52281fc2a,werewolves.tech,available,8.99,68.99,44,7,10,namesilo,,
01dd3879-fb5f-457e-b78a-70ee5f750043,turnorburn.tech,available,13.99,,56,1,12,name.com,,
029fa95f-64c6-4512-aecc-d7f93f8d664c,letterofdismissal.tech,available,13.99,,44,1,19,name.com,,
02ac3c2c-a735-4ee0-8c2b-23610697b8a7,wrinkles.tech,available,13.99,,55,4,8,name.com,,
039736a1-8366-4c3b-bb64-cd70907191a4,somuchso.tech,available,13.99,,50,1,10,name.com,,
045e13a9-e8ae-4f80-a96c-63d4fa6b0b6e,havenot.tech,available,8.99,68.99,66,4,8,namesilo,,
049ea75d-abe1-4c71-994b-2ae7cd1ff9a0,zombies.tech,premium,156.25,,44,11,7,name.com,,
0545ca60-3f87-449b-86a6-6d7fa16e1bc1,gooverboard.tech,available,13.99,,64,1,12,name.com,,
064a5535-925c-4759-b975-cd9a5aaea7fc,dusts.tech,premium,312.5,,52,3,5,name.com,,
069e9170-86a3-413f-9faa-1d4a3a6672f7,sweatshop.tech,premium,156.25,,56,8,10,name.com,,
06c7ae63-6d92-46f1-a85e-01e0f608115b,minor.tech,resell,,,80,16,5,Xin Net Technology Corporation,31/01/2024 09:28,31/01/2027 23:59
072b3f4a-8e30-4e21-a7aa-0839b550150d,collapses.tech,available,8.99,68.99,38,1,9,namesilo,,
08802fef-928c-4523-b2f6-3965986fc023,natives.tech,resell,,,56,9,7,Squarespace Domains LLC,08/01/2020 10:58,08/01/2027 23:59
08d3c2e1-6020-49a2-a48c-05833b6d6901,nauseousness.tech,available,8.99,68.99,58,1,12,namesilo,,
098e8acd-4c9b-4137-be71-8d0c32c2ffa3,distresscall.tech,available,13.99,,32,1,13,name.com,,
0a00a08c-7b8b-46eb-aa08-ce0de3013f0a,finalstraw.tech,available,13.99,,66,2,11,name.com,,
0a2c7691-d874-435f-a237-46d836477dd9,somewhereelse.tech,available,13.99,,60,3,14,name.com,,
0a967265-1230-49a1-b875-b1846f85f363,paperingover.tech,available,13.99,,53,1,13,name.com,,
0ab224d5-8b15-47e7-b377-1f0c4f52035c,shortages.tech,available,8.99,68.99,48,3,9,namesilo,,
0b63dfe4-6cd3-4ad2-bf03-c4e03bc5c091,publicopinion.tech,available,13.99,,70,7,14,name.com,,
0c0ec019-7579-4350-a392-c9044ed5aad4,carbonmonoxide.tech,available,13.99,,54,4,15,name.com,,
0d5228e3-dd08-4c33-9f37-f2f43338f1e0,pegs.tech,premium,87.5,350,48,8,4,namecheap,,
0f85d85e-0d59-45cb-8412-55baf578497a,filesize.tech,available,13.99,,64,2,9,name.com,,
103ba985-ac44-4d57-afce-d6b77265745f,gobust.tech,available,13.99,,68,1,7,name.com,,
10a07497-e1d1-4cc9-a25f-7a926df1276c,beridof.tech,available,13.99,,46,1,9,name.com,,
11145fda-473c-4a45-b1f8-b23e141fc1e7,complaints.tech,premium,156.25,,40,9,10,name.com,,
115d9ab4-7aac-4ec6-bf4d-c79fdabdbe25,stuffit.tech,available,13.99,,44,5,8,name.com,,
126ee8a0-ff25-45af-bba2-34f4d2de0da5,skulls.tech,premium,312.5,,44,8,6,name.com,,
12cfcf2a-dc52-42f0-85cb-64405a193154,sorethroat.tech,available,13.99,,64,2,11,name.com,,
132472dc-8dde-419d-8be6-3d14094614b6,shorted.tech,premium,87.5,350,61,4,7,namecheap,,
135e78cf-b194-4713-9e58-c26c74684410,mathematics.tech,resell,,,68,19,11,Squarespace Domains LLC,29/11/2020 03:54,29/11/2026 23:59
1397d5c6-6e24-47de-ac2e-995c713d1651,leaveover.tech,available,13.99,,70,1,10,name.com,,
147116d3-e9b4-40b4-bb9b-a9c1cde15725,bedamned.tech,available,13.99,,38,1,9,name.com,,
14819a02-8316-465d-8163-db634b665c50,playon.tech,resell,,,80,14,7,Dynadot Inc,12/12/2025 02:28,12/12/2026 23:59
157b4768-c91c-46c4-80cb-0cffd73e7b2a,abilities.tech,resell,,,74,4,9,Xin Net Technology Corporation,26/05/2022 00:49,26/05/2026 23:59
15c33421-5c48-4682-85f5-63fef79cbbb6,bonvoyage.tech,resell,,,88,16,10,West263 International Limited,25/12/2025 05:00,25/12/2026 23:59
164d09f4-c748-4695-a931-1903e5510f9b,suspecting.tech,available,13.99,,48,1,10,name.com,,
16797e46-30a3-4208-9560-173c9c062e41,stormed.tech,available,13.99,,50,3,7,name.com,,
16804280-1953-493b-ac1f-91a286c57ceb,cements.tech,premium,312.5,,56,3,7,name.com,,
17082ee8-7313-4621-b506-d755e1fef361,BlackWallStreet.tech,available,8.99,68.99,44,9,17,namesilo,,
171f35c7-82b1-46fa-8e26-4a3d5286ec47,errors.tech,premium,1562.5,,46,11,6,name.com,,
17b8bec0-1bcf-4583-b872-767b5c0412ca,behindbars.tech,available,13.99,,60,6,11,name.com,,
18a872d6-93ac-4fd1-b7ad-dde54eb3b290,gettingeven.tech,available,13.99,,48,1,12,name.com,,
18e7f3c2-f958-48e5-b520-dedf297a0a30,woes.tech,premium,156.25,,46,4,4,name.com,,
1a63a7e2-3beb-4832-95fa-d5922b97f58c,messed.tech,premium,87.5,350,46,2,6,namecheap,,
1aa2b56f-6acb-4f0c-bda6-23503e1167a7,nomnomnom.tech,available,13.99,,84,5,11,name.com,,
1aaa932e-b6f9-49b2-bf75-093a85b79453,sedated.tech,available,13.99,,43,2,7,name.com,,
1bf44fe6-9293-4baa-8e4f-8ca7d034790d,sitaround.tech,available,13.99,,66,1,10,name.com,,
1cfd291e-5056-494a-a34c-6f5485f70e91,flashfloods.tech,available,8.99,68.99,42,1,12,namesilo,,
1d01a9e2-9551-42f5-adf8-a8e3d71fed8f,remembrances.tech,available,8.99,68.99,51,2,12,namesilo,,
1da55908-a2f4-44d0-bb1a-7c40abae15c9,fails.tech,premium,312.5,,46,7,5,name.com,,
1da60456-c9bb-4938-a428-0ecf5ea54939,overwith.tech,available,13.99,,60,1,9,name.com,,
1e4ad7c9-7899-44d2-955b-0d7577960be6,somuchfor.tech,available,13.99,,46,0,11,name.com,,
1e6153e8-4464-4972-9e65-3440915cbf17,worldsapart.tech,available,13.99,,64,3,12,name.com,,
1ea91651-84e9-4795-b583-c1d933e069e4,trillionaire.tech,resell,,,84,11,12,NAME DOT STORE INC,19/02/2026 22:27,19/02/2027 23:59
1ef7b2e8-d914-4344-8d22-2d2d6a62d98a,highseas.tech,resell,,,74,6,9,"Xiamen ChinaSource Internet Service Co., Ltd",02/10/2025 08:22,02/10/2026 23:59
1f61a911-b18f-447f-9a7a-6ea729e5d6a6,goastray.tech,available,13.99,,66,1,9,name.com,,
20cb5060-8b1a-4780-a9e8-8fc91e3a969a,scratches.tech,premium,87.5,350,60,4,9,namecheap,,
2136cd20-b6a5-43a4-b2d3-134a17631a65,deaths.tech,premium,312.5,,50,6,6,name.com,,
21b2c33a-f3bd-4d42-9e1a-365cef852bf0,squalls.tech,available,13.99,,44,2,7,name.com,,
225a88de-88c9-44fb-b6f2-feb36b61e659,SouthTyrol.tech,available,58.98,,66,6,11,namecheap,,
2357f34f-e487-438d-a155-7b39a945d7e3,WhiteHouse.tech,premium,350,1400,66,33,11,namecheap,,
2413701c-512b-4ff5-b1fa-0050d5b5cac6,alcoholintoxication.tech,available,13.99,,48,1,20,name.com,,
2556b5e5-59e3-48a3-98d9-879dd0340a7b,wins.tech,resell,,,68,21,4,"Chengdu West Dimension Digital Technology Co., Ltd.",20/01/2022 01:02,20/01/2027 23:59
25c0e9a2-cfab-4c1c-88b2-4ac9132b00e6,postponement.tech,available,13.99,,57,1,12,name.com,,
26448d30-469c-4835-b7ee-3b1b4982536d,fundamentalism.tech,available,13.99,,58,2,14,name.com,,
27aeb28f-37d9-46db-a9d8-a8994cfb9b89,ghosts.tech,premium,1562.5,,48,14,6,name.com,,
28491b1c-b090-48d6-a907-236681b207a4,lies.tech,premium,156.25,,60,12,4,name.com,,
2895bf6d-5688-4583-8686-76a19a7996c6,twits.tech,available,8.99,68.99,46,3,5,namesilo,,
289f4b47-d02f-4edb-96b6-ef24536d1de0,germs.tech,premium,156.25,,40,5,5,name.com,,
2971cdc0-45f9-4cda-8299-432ab0ed043b,underprotest.tech,available,13.99,,30,1,13,name.com,,
29d19a68-132f-4435-9c83-eafd33e90f24,thedamn.tech,available,13.99,,38,1,8,name.com,,
29f42d8e-00af-403f-bab3-09950d4bd3a6,recessions.tech,available,8.99,68.99,46,2,10,namesilo,,
2ac46a28-33fd-4a87-9d10-b3e12276b000,collapsed.tech,available,13.99,,38,3,9,name.com,,
2b227387-7e1b-4172-89d0-776f45266188,preliminarily.tech,available,13.99,,41,1,13,name.com,,
2b249568-b412-4077-926d-0c8f9e92ae61,counterterrorism.tech,premium,87.5,350,52,3,17,namecheap,,
2b36fb0c-e60a-4be8-8b4f-20f8422c5d46,midlifecrisis.tech,available,13.99,,58,9,15,name.com,,
2bbe9207-05fb-4792-87ff-c8f38d16627d,gonedownthetube.tech,available,8.99,68.99,30,1,18,namesilo,,
2cd949c2-1101-4203-96c8-2fefdcb4c0ad,FinalJudgment.tech,available,58.98,,54,2,14,namecheap,,
2ce14a60-3f12-443f-84c3-f272fa5c78ee,letusgo.tech,available,13.99,,57,4,9,name.com,,
2cfb2638-6b02-4b17-ba44-faf46b74b8f9,shoveover.tech,available,13.99,,59,1,10,name.com,,
2d687f29-755f-4822-b704-b68b1352baf1,goballistic.tech,available,13.99,,68,2,12,name.com,,
2d7f3ecb-9f89-4596-8d4d-4e33f3d38f2a,slowed.tech,available,13.99,,48,3,6,name.com,,
2ea3a336-0922-49b8-8779-d78af7ac7f45,thesame.tech,available,13.99,,54,5,8,name.com,,
2f5d2d96-efac-4288-90e4-096318551069,biases.tech,premium,87.5,350,42,3,6,namecheap,,
301f2bb5-fede-4698-91de-f989c3e57fbd,blewup.tech,available,8.99,68.99,44,1,7,namesilo,,
32a9b4c5-cac3-4dc2-b453-edfb3f9c809f,filingfees.tech,available,8.99,68.99,46,1,11,namesilo,,
33fffe41-6b47-4e4a-8f7e-9b8f7356d682,gonowherefast.tech,available,13.99,,50,1,15,name.com,,
3483e202-f8a2-44d6-8c53-66f720d42111,dropabombshell.tech,available,13.99,,58,0,16,name.com,,
349625a5-6935-4faa-bf86-5d5b5707262c,overwhelmed.tech,premium,312.5,,48,5,11,name.com,,
349d8b02-d55b-4f3a-be57-633161309585,pals.tech,resell,,,77,16,4,Squarespace Domains LLC,16/04/2019 19:41,16/04/2027 23:59
34bbb241-86da-47a9-9559-f990e1815efd,couldnotcareless.tech,available,13.99,,38,0,19,name.com,,
3537a943-f8f7-4439-b3e5-0a6cbe583ed3,filewith.tech,available,13.99,,68,2,9,name.com,,
3580d2f5-4f7c-43e2-9ff1-2a476a73c613,indanger.tech,available,13.99,,60,1,9,name.com,,
36aaf718-4492-4e65-b1f3-ba6a4890b94d,smashinto.tech,available,13.99,,38,0,10,name.com,,
36c17332-ccc4-427d-87eb-18a1aafb367b,razorburn.tech,available,13.99,,60,1,10,name.com,,
375ccb43-7a4a-41a5-bcc5-2b4f09024793,sneezed.tech,available,13.99,,47,2,7,name.com,,
3a1f4eb0-d526-4064-8a6e-89acd4169507,stepforward.tech,resell,,,74,10,12,West263 International Limited,23/01/2026 09:44,23/01/2027 23:59
3ad9b1c3-fce1-43bd-a295-4417368425c8,rubs.tech,premium,87.5,350,52,6,4,namecheap,,
3bec7bf2-9158-4023-bf5a-dcaf7c464a68,turds.tech,available,13.99,,38,3,5,name.com,,
3cb5c89d-4824-4c4a-a580-910990fad960,refused.tech,premium,87.5,350,50,4,7,namecheap,,
3cb6f04c-996b-404b-be87-ba0b872f9981,structurally.tech,available,13.99,,48,3,12,name.com,,
3d4635ab-aa4e-40c0-9056-52695f5fbfc5,counterfeits.tech,available,8.99,68.99,40,2,12,namesilo,,
3d5191fc-132a-4920-9be6-1d384a752d19,backbreaking.tech,available,13.99,,54,1,13,name.com,,
3d5c48f0-d61b-4c05-ac65-6d9259e37d37,smashdown.tech,available,13.99,,58,2,10,name.com,,
3d5efdc9-bb8d-4815-89c6-abdacee1a53d,havenosympathy.tech,available,13.99,,54,1,16,name.com,,
3eaccfbb-69f8-41a6-aaeb-5a196cd134f9,nailed.tech,premium,87.5,350,58,6,6,namecheap,,
3f2c5018-1969-472e-ab25-7783889dbbe9,overanxious.tech,available,13.99,,64,1,12,name.com,,
4009ce6a-7d90-4308-b508-d78ed691fdd6,gotothewashroom.tech,available,13.99,,56,1,18,name.com,,
40ba8445-ebcf-4b2f-86ab-46b3eccc233c,alcoholusedisorder.tech,available,13.99,,48,1,20,name.com,,
4383be4e-bbaf-432e-866c-a13b75becbc5,incheck.tech,available,13.99,,46,5,8,name.com,,
44199cb2-ee13-4939-8e44-2fa252874199,devours.tech,available,8.99,68.99,40,2,7,namesilo,,
44413768-6342-4a6c-91fc-f63c45d739ad,ranted.tech,available,13.99,,48,2,6,name.com,,
445a90c6-f748-4535-8506-c20e05470382,translating.tech,resell,,,54,7,11,Squarespace Domains LLC,04/01/2020 00:44,04/01/2027 23:59
4547cfb7-d1c7-41ba-b696-7b38475aad7b,Ihateyou.tech,available,58.98,,52,4,10,namecheap,,
4590f684-f427-4bab-883b-a67880a6138e,strangers.tech,premium,312.5,,46,9,9,name.com,,
474054f3-a7dc-455e-bd5a-67e152ddd9ab,makeit.tech,resell,,,82,22,7,Xin Net Technology Corporation,08/10/2019 07:16,08/10/2027 23:59
47993213-b4e6-43a4-ac4f-c7c2a385ef7a,mosquitos.tech,premium,312.5,,42,5,9,name.com,,
48188ce4-a35c-4fa6-b910-da3aadeeb53c,SaintGeorge.tech,available,58.98,,54,6,12,namecheap,,
4829978d-3ace-4c54-8290-a7cad1b55e28,uptill.tech,available,13.99,,50,1,7,name.com,,
49010c7e-c1e4-41d1-8e8f-cd3323399a29,disorders.tech,premium,312.5,,46,5,9,name.com,,
497bb12c-d8db-4bd3-8bf6-b95d139a6480,prejudices.tech,available,13.99,,38,1,10,name.com,,
497c810d-1161-4767-b087-733886e579ca,demotions.tech,available,8.99,68.99,46,1,9,namesilo,,
49a56a45-b0bd-49e4-9f6e-92e691480662,reps.tech,resell,,,73,16,4,Squarespace Domains LLC,21/04/2018 02:03,21/04/2027 23:59
4a4a6bbf-2b07-4239-ba56-0a133f4cb051,sucked.tech,available,13.99,,54,4,6,name.com,,
4aafd146-a1ac-4693-92d3-391ebababb52,goAWOL.tech,available,58.98,,46,2,7,namecheap,,
4ae3b28a-2435-4e3a-8705-e2673cad2c3f,rashes.tech,premium,87.5,350,40,3,6,namecheap,,
4d943258-7ab7-4a39-ab71-3258af9a8327,havetheblues.tech,available,13.99,,58,1,14,name.com,,
4fc17fb1-feba-4632-a5a3-155147f6554d,rages.tech,premium,312.5,,40,4,5,name.com,,
5039cffb-6798-409c-ae68-d0f73e603c68,alcoholpoisoning.tech,available,13.99,,48,1,17,name.com,,
50929dcc-e989-40b0-a7c7-ffc01bcc58f5,goberserk.tech,available,13.99,,68,1,10,name.com,,
512b9dab-bb3d-4dc0-aa89-4650c0e50646,manuallabour.tech,available,13.99,,58,1,13,name.com,,
518bb646-4922-4971-9275-c52f14c56ad4,gorogue.tech,available,13.99,,64,4,8,name.com,,
520ab56a-9021-4fbd-bf83-8820337e524e,persistence.tech,resell,,,72,12,11,"Chengdu West Dimension Digital Technology Co., Ltd.",05/03/2026 07:10,05/03/2027 23:59
5229e8fe-970f-4023-97a8-be3f4cdc0012,proxyvoting.tech,available,13.99,,62,2,12,name.com,,
5321d020-d572-4496-a90b-be5643030ca8,servants.tech,available,13.99,,54,4,8,name.com,,
5365aba8-82d7-4ee1-baad-2129fa2a78d6,slugs.tech,premium,156.25,,52,6,5,name.com,,
537e54aa-8ea3-4eaf-b6a6-5b83fd401678,failed.tech,premium,781.25,,60,11,6,name.com,,
5392552f-383d-45aa-b583-23b119f7a235,bearinmind.tech,available,13.99,,76,11,12,name.com,,
550ba6fe-9f2e-4af6-b509-58574408a9ea,Trex.tech,resell,,,80,24,5,Xin Net Technology Corporation,21/06/2019 19:38,21/06/2026 23:59
5617d8fa-d01f-4f57-9aad-3573b7854fc8,demotes.tech,available,8.99,68.99,46,1,7,namesilo,,
57216115-6b52-4916-a389-4470187bdea1,gobankrupt.tech,available,13.99,,68,2,11,name.com,,
58393704-fad0-4847-b9bf-bd843623ef11,unsettles.tech,available,8.99,68.99,43,1,9,namesilo,,
597ae83c-9837-447c-82d9-707b3949e0a6,havenousefor.tech,available,13.99,,56,0,15,name.com,,
5aa5bd66-5b96-4041-b62d-dc3ee848a00a,quick.tech,resell,,,72,43,5,"Spaceship, Inc.",27/02/2020 21:57,27/02/2027 23:59
5b2c5418-aafa-43a3-aab2-bf7e4521dcb3,backtaxes.tech,available,13.99,,62,3,10,name.com,,
5b2cd78d-9783-4a59-8337-52f9b07ccb24,filetype.tech,available,13.99,,64,3,9,name.com,,
5b6a260c-f7d7-4a85-8782-e78cad29bc54,keepoutof.tech,available,13.99,,68,0,11,name.com,,
5bbb4a48-0b79-40fe-89db-9f8eb899acc3,gettogether.tech,available,13.99,,82,8,12,name.com,,
5f9ad2d7-dd4f-4b63-8c86-94ca7846edac,wastes.tech,premium,156.25,,50,4,6,name.com,,
60640336-0993-4036-9aef-a377222ee161,waitup.tech,available,13.99,,63,2,7,name.com,,
60be4b7d-7311-4598-9d51-13164787f3f6,blewagasket.tech,available,8.99,68.99,34,1,13,namesilo,,
60d69d1a-0761-4bd3-84ec-1e8c335b9c67,blewit.tech,available,13.99,,44,2,7,name.com,,
61b636f2-5643-460e-84e2-2377a8b02ed2,floods.tech,premium,87.5,350,38,6,6,namecheap,,
61cd0b56-92a7-455c-b2d3-4e7983aef7fa,suppresses.tech,available,13.99,,44,1,10,name.com,,
63005b12-2501-4ba0-b2e9-dfcad137652b,PopeGregoryI.tech,available,58.98,,28,1,14,namecheap,,
6337aba2-9622-4365-83bf-7d076b01e133,arrests.tech,available,13.99,,46,5,7,name.com,,
637b7125-1ed4-442d-807f-5dfd3a3a3d1f,explained.tech,resell,,,50,10,9,Squarespace Domains LLC,10/11/2019 08:17,10/11/2026 23:59
63812dd8-a8ff-4dfb-bd38-725ac63942b9,keepsecret.tech,available,13.99,,48,12,11,name.com,,
652b86f9-4cc2-441c-b177-d304fc57cfdd,called.tech,premium,87.5,350,68,15,6,namecheap,,
65a6351d-f6d8-4632-a334-38d56c9d7253,howto.tech,resell,,,76,35,6,Squarespace Domains LLC,16/12/2019 19:16,16/12/2026 23:59
6684f1de-b067-4dca-bc27-a6f602fc13f7,plaques.tech,available,8.99,68.99,42,5,7,namesilo,,
6720742f-60bf-4436-a30a-95a305783c50,collapsing.tech,available,8.99,68.99,38,3,10,namesilo,,
67edae43-4a92-4d22-ae20-97ef501ed26e,sanctions.tech,available,8.99,68.99,52,8,9,namesilo,,
6862163f-8b3d-47f6-a7b7-9ea70bad9b5e,victims.tech,premium,312.5,,42,5,7,name.com,,
68f441de-af71-41b0-b628-667f269a0c6f,wines.tech,resell,,,63,16,5,Xin Net Technology Corporation,05/08/2015 16:38,05/08/2026 23:59
69034139-0c26-479d-8310-36533649e0d9,givingin.tech,available,13.99,,50,1,9,name.com,,
69f06eac-a409-4612-8281-bb962fb11d5f,punched.tech,available,8.99,68.99,50,3,7,namesilo,,
6b8c4741-2471-46ea-8dfc-ac574f077138,slipin.tech,available,13.99,,65,2,7,name.com,,
6b90b40c-52db-434a-a327-cee2a112f7de,deadonarrival.tech,available,13.99,,46,2,15,name.com,,
6cc208c5-c212-4334-b025-a7a544a888a8,gettheboot.tech,available,13.99,,70,1,12,name.com,,
6dddaf3f-d962-47c5-a5c9-c242ff4e5259,getsick.tech,available,13.99,,72,1,8,name.com,,
6eeb2c6f-cd7a-4b20-bba7-954a0763933a,hillclimbing.tech,available,13.99,,68,2,13,name.com,,
6fd9f09f-1b4e-4f04-ad31-5960ff8f5ed1,slipoff.tech,available,13.99,,65,1,8,name.com,,
700dd04b-f616-4629-9b6f-befafb35fa34,starkest.tech,available,8.99,68.99,40,2,8,namesilo,,
70ea8f94-e47b-4acd-b8da-37c5581488f0,howthedevil.tech,available,13.99,,40,0,13,name.com,,
726de0e3-e36c-40e1-aecd-c014941dacb3,goingbad.tech,available,8.99,68.99,46,1,9,namesilo,,
731540c5-62b9-4e9f-87f0-46a647f9e0d6,filetypes.tech,available,8.99,68.99,46,3,9,namesilo,,
735b8fba-49be-4ac4-9b4e-61ece6da70a8,alcoholics.tech,premium,156.25,,38,4,10,name.com,,
7460059b-455c-42bc-9f01-3e95a16ce153,stuffyou.tech,available,13.99,,44,1,9,name.com,,
75369adf-6dc1-4f37-afce-1bae6f487a49,makesense.tech,resell,,,82,14,10,"Sav.com, LLC - 30",25/06/2025 00:03,25/06/2026 23:59
75954c6f-5d61-4b08-a740-5eb20c775898,pointofcare.tech,available,13.99,,70,4,13,name.com,,
76067b9d-3e5f-4c88-862c-619649f41161,disappointment.tech,premium,87.5,350,50,4,14,namecheap,,
77e40865-082d-4b79-8fa4-f218f3bc6392,overrated.tech,premium,156.25,,60,6,10,name.com,,
77ec5182-9aad-4749-8a7b-0edd7165a8e5,disappointments.tech,available,8.99,68.99,30,1,15,namesilo,,
77fde7f8-4740-4c0d-96db-472bb5880c58,runners.tech,resell,,,78,16,7,Squarespace Domains LLC,12/01/2023 21:33,12/01/2027 23:59
7b12301d-75fc-4ee8-91fb-19e5e4a5168c,constraints.tech,available,8.99,68.99,44,2,11,namesilo,,
7be93677-2a23-4844-abb2-f0ced5a46cc9,inspiration.tech,resell,,,88,30,11,Xin Net Technology Corporation,23/07/2018 07:39,23/07/2026 23:59
7c4ed3ba-5aee-483e-b2a1-ba4f88f7399e,goawry.tech,available,13.99,,66,0,7,name.com,,
7ee6b906-4bcb-45a0-9f4e-d3ac97a45227,treeoflife.tech,resell,,,88,21,12,West263 International Limited,23/01/2026 09:42,23/01/2027 23:59
7f1734bd-73ee-4fc9-b0a1-d1da3c946e75,waitout.tech,available,13.99,,63,1,8,name.com,,
7f75c34b-98ea-4c35-b4e3-b50593577f57,cherryblossom.tech,resell,,,78,20,14,"Chengdu West Dimension Digital Technology Co., Ltd.",05/03/2026 07:08,05/03/2027 23:59
7fc11bf1-a3b2-49b0-823f-3b46be650665,traps.tech,premium,156.25,,68,7,5,name.com,,
807279a6-0201-4f6e-8400-da1534aea540,tea.tech,premium,,,78,37,3,,,
822603c0-d9f8-45ce-9de0-b6cd29ccf98d,bandits.tech,premium,156.25,,40,10,7,name.com,,
845bbbdc-4d61-40e9-9a6b-be333c94b9c7,hosts.tech,resell,,,52,18,5,Squarespace Domains LLC,24/03/2024 13:51,24/03/2027 23:59
84714c4b-3da3-4a22-8130-dc9b2771458f,gonegative.tech,available,13.99,,66,1,11,name.com,,
850dac30-1fed-4e5f-b093-338109e93349,havethefoggiest.tech,available,8.99,68.99,54,1,17,namesilo,,
858fed3d-086b-495a-8851-64e5dfa5e40f,floodwaters.tech,available,8.99,68.99,56,2,11,namesilo,,
85c65d86-95e3-4499-ab24-28bf929a5657,smartest.tech,resell,,,64,20,8,West263 International Limited,24/10/2025 01:28,24/10/2026 23:59
869ba9e2-543d-4258-9df0-8ffe36a07a65,defaulted.tech,available,8.99,68.99,42,2,9,namesilo,,
86d48604-e2d9-496d-b453-f908bb16607e,killed.tech,available,13.99,,56,5,6,name.com,,
8750fc22-6e45-4e34-8e87-62f58ecfa447,flipthescript.tech,available,13.99,,72,6,15,name.com,,
87521132-c281-4866-997e-b9faf7c6fefd,Minecraft.tech,resell,,,91,81,9,"Sav.com, LLC - 25",17/02/2026 02:20,17/02/2027 23:59
879e5ec2-ad14-41b9-ad90-5f5d8f3415b6,resteasy.tech,available,13.99,,79,4,9,name.com,,
87af6d49-9e2e-4207-89ea-1fcf34f8ee4b,godownhill.tech,available,13.99,,68,1,11,name.com,,
88d77c47-1a5c-4be8-87ec-037a83590493,toexcess.tech,available,13.99,,55,0,9,name.com,,
893d0604-c785-4039-8b70-d86074e1b0ca,disobeying.tech,available,8.99,68.99,46,1,10,namesilo,,
8a59cffa-d10f-4a13-b5a9-72ea6fd8227d,leavemealone.tech,available,13.99,,42,7,14,name.com,,
8d3fb415-74c2-41a8-bc7b-2c3a401937e6,familybusiness.tech,available,13.99,,68,9,15,name.com,,
8ea1cb4c-3136-49e2-906f-c8ec30971660,sexualassault.tech,available,13.99,,43,3,14,name.com,,
8ea62857-9883-4ddd-812f-c2c73d8597b3,sellthrough.tech,available,13.99,,64,2,12,name.com,,
8ec7101d-e64e-433c-bf4b-f5fb74a3d4d2,sameoldstuff.tech,available,13.99,,34,1,14,name.com,,
8f46636f-66f3-4879-96ef-c61a83738df2,TyphoidMary.tech,available,58.98,,59,1,12,namecheap,,
8f5b80c7-128d-4b90-bf86-72bb27ef7f78,segregation.tech,available,13.99,,62,2,11,name.com,,
8f5db9a5-6014-4987-9858-184459f55295,proxymurder.tech,available,13.99,,36,1,12,name.com,,
918b61b7-ac04-4e42-a4b8-119972e23059,tabs.tech,premium,781.25,,46,19,4,name.com,,
9196120a-597e-4726-9766-5b6b191556df,allthetime.tech,available,13.99,,60,3,12,name.com,,
91e1218c-ffe3-45c1-84f7-bcfd0ecf8ed6,proxycard.tech,available,13.99,,44,2,10,name.com,,
9235ad26-88bd-4a55-8f63-d7fb35457d76,filings.tech,premium,87.5,350,48,8,7,namecheap,,
9295c928-d6f5-44b1-b2aa-cf5941dc02a6,oranything.tech,available,13.99,,44,1,11,name.com,,
929cf5dd-5214-46f5-b7fb-e2e991baa645,saveit.tech,available,13.99,,74,13,7,name.com,,
92da3bf9-c346-4d56-848a-eb76e541f669,alcoholproblem.tech,available,13.99,,30,1,15,name.com,,
933f24d4-5632-458f-acca-e88dcca6d7c2,takealeak.tech,available,13.99,,63,1,11,name.com,,
936ec0db-6a3d-4673-815a-395f0959b938,divorcing.tech,available,13.99,,46,6,9,name.com,,
9375741a-fcbc-4b4f-9f5a-d92cf3b0497d,devoured.tech,available,8.99,68.99,40,3,8,namesilo,,
9403fd57-0b5e-4679-b3bb-e0eca4115538,TwinTowers.tech,available,58.98,,66,4,11,namecheap,,
94350fa8-382d-478d-a5a8-8d29cc68d3a1,waitforit.tech,available,13.99,,43,4,11,name.com,,
9442754f-768c-4137-9e38-82adfbf5a101,thereaway.tech,available,13.99,,58,1,10,name.com,,
94897f9e-c9aa-4c5c-9ff8-58a08ec43f97,strepthroat.tech,available,13.99,,68,2,12,name.com,,
9520ad45-a2bc-44ee-bf08-4e89d03cf53d,ofan.tech,premium,87.5,350,44,4,5,namecheap,,
97509663-a71b-4cea-b1b8-0b0794f47c93,longterm.tech,resell,,,72,10,9,Xin Net Technology Corporation,10/06/2022 04:20,10/06/2026 23:59
9758b238-909b-4b8e-8b49-787efc7eff1f,flashflooding.tech,available,13.99,,52,0,14,name.com,,
97722409-3580-485c-8544-1c26c85b60a9,terminators.tech,available,8.99,68.99,46,3,11,namesilo,,
97a0d070-dc33-4eb1-965b-117e50dcc1a6,gototherestroom.tech,available,13.99,,56,1,18,name.com,,
9823a004-2fd3-4099-9105-f6d2253bc7a8,bottoms.tech,premium,312.5,,60,7,7,name.com,,
98407bde-0995-4472-b60d-e67494a62f60,aldehydes.tech,available,8.99,68.99,36,1,9,namesilo,,
9a4c6f56-734d-4d18-a466-294f56dd5cad,suspicions.tech,available,13.99,,43,2,10,name.com,,
9c12a33b-e09c-45c7-9bff-cfbdae8c6675,rumorhasit.tech,available,13.99,,47,2,12,name.com,,
9cc18cce-486d-442f-ad0e-f8ddb6c0a44f,agents.tech,resell,,,56,50,6,"Spaceship, Inc.",26/12/2025 09:39,26/12/2026 23:59
9ce19355-0602-47a3-9dc6-a0f711f956af,howdo.tech,available,13.99,,58,13,6,name.com,,
9dc27ebe-0792-42a4-90f8-7d5bbd8b8cb1,prowlers.tech,available,8.99,68.99,40,2,8,namesilo,,
9dd7e7c5-84cb-4915-921d-2af2a0b8a613,conflicts.tech,premium,312.5,,66,5,9,name.com,,
9e3e1cf6-eea8-4649-a961-a3f7af49e2f3,childrapist.tech,available,13.99,,38,1,12,name.com,,
9f99b608-7e9a-46cf-9413-59ad4debdfbe,sawoff.tech,available,13.99,,60,1,7,name.com,,
9faab437-bf60-4bf6-9bb7-a84c2ce82a18,finalreckoning.tech,available,13.99,,58,2,15,name.com,,
9fe2cb6a-d9eb-45bf-aafb-894a5b3eb066,stadia.tech,premium,156.25,,66,22,6,name.com,,
a0b7077b-d189-4b02-bbe2-bd82c86a9f01,knocks.tech,available,13.99,,48,5,6,name.com,,
a10b4f86-4145-4645-82d6-2bce8431585f,popup.tech,resell,,,84,29,6,Squarespace Domains LLC,23/02/2018 02:19,23/02/2027 23:59
a21ba397-3afb-4756-814a-a6246a3e1fc2,salts.tech,premium,312.5,,56,7,5,name.com,,
a25da2ad-9263-4201-a98c-3082d0ea5fed,offenses.tech,available,8.99,68.99,40,2,8,namesilo,,
a331ea32-1d5d-4c57-944c-484357cc8c2a,demoted.tech,available,8.99,68.99,46,1,7,namesilo,,
a352c233-610a-423e-b5ad-c5593a7ab8bf,alcoholaddiction.tech,available,13.99,,50,3,17,name.com,,
a43973e7-95e0-402d-93e9-b6e53ec50ba5,throats.tech,available,8.99,68.99,44,2,7,namesilo,,
a5ed8063-0488-4c6a-8ee8-69dea1bd133d,OxyContin.tech,premium,87.5,350,64,6,9,namecheap,,
a7830c6d-b67e-4ad4-a56c-beb384a83189,diva.tech,premium,,,78,28,4,,,
a8640dba-f19e-4bb5-8a6c-977ffe5a80c8,rioted.tech,available,13.99,,44,1,6,name.com,,
a8e9ab81-43ff-4d8e-81f0-b3614cf28320,childmarriage.tech,available,13.99,,48,2,14,name.com,,
a981ac11-c6aa-4d18-9391-90e9ad3af4d0,havenoneofit.tech,available,13.99,,56,1,15,name.com,,
aafbd74e-4996-44be-afc9-2090434a4dea,fullfrontalnudity.tech,available,13.99,,48,1,19,name.com,,
ab94f6c7-9644-47c2-9bbc-0d02bb5c591c,uncared.tech,available,13.99,,57,1,7,name.com,,
abaca55a-82bf-441b-adcc-3ecb3b178b5a,thefixisin.tech,available,13.99,,38,1,13,name.com,,
acf36df1-4c6e-486b-b808-64492a711893,disobedience.tech,premium,87.5,350,64,3,12,namecheap,,
ae4100cd-e051-4dd1-b79c-64fb35af2dbb,paintthinner.tech,available,13.99,,56,1,13,name.com,,
af05c56a-4a91-4653-b6ed-1db5c3837946,monopolizing.tech,available,8.99,68.99,40,1,12,namesilo,,
afeee83d-3d09-4a19-a7c6-ed43bb9196a6,WorldWarIV.tech,available,58.98,,52,1,12,namecheap,,
b0de15c4-1d24-46e6-bcf8-f9e6a8a12b08,prompts.tech,resell,,,54,39,7,Squarespace Domains LLC,29/10/2023 17:05,29/10/2026 23:59
b1859bc7-394b-4134-8b1c-1af27890a4a4,coffeeand.tech,available,13.99,,76,4,10,name.com,,
b392a5f4-4bed-4c61-b777-a38d86693387,reston.tech,premium,87.5,350,75,10,7,namecheap,,
b3dbcedb-6126-4188-bdd2-7391eda245f4,deteriorates.tech,available,8.99,68.99,38,1,12,namesilo,,
b406ae5f-8338-4320-b360-bdd2ce48dbe3,gonowhere.tech,available,13.99,,62,2,10,name.com,,
b41bd73b-1e2d-452d-bd0f-0664d5555594,thoughts.tech,premium,87.5,350,65,18,8,namecheap,,
b48e39f2-c03a-4fcb-aed9-310ad1799160,gomad.tech,available,8.99,68.99,70,5,6,namesilo,,
b4bf24f6-2192-42eb-8a4c-25e44762f006,silences.tech,premium,312.5,,46,3,8,name.com,,
b5a61c3d-7d8c-44ad-a619-28c6ebf384a3,counselling.tech,resell,,,82,13,11,Squarespace Domains LLC,19/04/2023 12:33,19/04/2027 23:59
b602691c-4afd-464d-ad41-4732765dc027,keepunder.tech,available,13.99,,66,1,10,name.com,,
b6869ab4-33ec-47d9-a639-c97885ccf495,proxybullying.tech,available,13.99,,28,1,14,name.com,,
b6992589-4587-4e3f-a69f-8a67ca038738,slipthrough.tech,available,13.99,,66,1,12,name.com,,
b7742d30-4a60-43cc-8129-d3ee91269ed5,distributed.tech,resell,,,64,21,11,UM DOMAINS PTE. LTD.,15/01/2026 21:52,15/01/2027 23:59
b795dbc6-bd04-4f09-a4ec-d3ac85456a9d,diseases.tech,premium,312.5,,40,5,8,name.com,,
b8202c9f-1c94-4f13-a83d-a747cb935e54,getlucky.tech,available,13.99,,84,10,9,name.com,,
b822d5cb-f2b9-4969-83e4-3a50137a0cbe,Ihavecancer.tech,available,58.98,,44,2,13,namecheap,,
b9730bb6-63c8-40a9-8d75-b17b2ee494f5,slicedbread.tech,available,13.99,,86,4,12,name.com,,
b97cd969-c9a5-4e93-956a-699d9a9ab009,smashandgrab.tech,available,13.99,,48,2,14,name.com,,
ba034c6e-ae24-4f65-a9ba-bfa404a3aeda,demoting.tech,available,8.99,68.99,46,1,8,namesilo,,
babfa3b3-31bc-46c8-8ba2-b088adc207dd,reprimanded.tech,available,8.99,68.99,42,1,11,namesilo,,
bb49a413-ea7a-4ba8-ac88-21819627ccee,youthink.tech,available,13.99,,52,6,9,name.com,,
bba39794-de47-4944-9a17-b3653317f34d,poreover.tech,available,13.99,,62,1,9,name.com,,
bc3381d4-efa1-4a76-a487-3c46fac2cc7b,WorldWarIII.tech,available,58.98,,48,3,13,namecheap,,
bc8973d0-6bf1-4556-95c5-f030bbe9830c,visited.tech,available,13.99,,76,6,7,name.com,,
bcc115e5-375a-470e-b930-9c3060cc0eb8,guns.tech,premium,1562.5,,68,22,4,name.com,,
bde0fc60-e264-41c7-9014-417cf139dce0,gains.tech,resell,,,56,17,5,West263 International Limited,13/10/2024 20:39,13/10/2026 23:59
be099449-a4a9-401b-a735-137b77f86b09,probablecause.tech,available,13.99,,55,2,14,name.com,,
be2146d0-2c64-4112-827b-78b1c11fd275,etc.tech,premium,781.25,,58,34,3,name.com,,
be24149f-246e-41ab-8688-ae20f2f27668,uptoanything.tech,available,13.99,,52,1,14,name.com,,
be2a4baa-f8e9-4b5e-a96b-e61ed2676d6d,hangbyathread.tech,available,13.99,,56,1,16,name.com,,
c23e8cd2-0b1f-4d3f-87ac-5039dee84f85,oaks.tech,resell,,,53,16,4,Squarespace Domains LLC,21/03/2020 09:18,21/03/2027 23:59
c34e77ff-6bd6-4183-9162-96fdbd6d3ea6,lactoseintolerance.tech,available,13.99,,56,2,19,name.com,,
c3b2305c-69ae-419a-b58e-6ca282fad4af,ratios.tech,premium,87.5,350,46,5,6,namecheap,,
c54f50fe-b386-445b-ad88-bf22e8d6224b,parkin.tech,premium,312.5,,59,8,7,name.com,,
c5ebea85-eb39-49a5-96f8-9212c638fc42,noses.tech,available,8.99,68.99,48,3,5,namesilo,,
c5f92a75-b5fa-4213-a62e-db79156bb453,behindschedule.tech,available,13.99,,38,1,15,name.com,,
c8ab74e5-77e3-4d1d-b286-36a93f5c0684,childmurderer.tech,available,13.99,,30,1,14,name.com,,
c8cb508f-63cb-4f07-a65b-0f1d9638efcf,doesnotcompute.tech,available,13.99,,40,3,16,name.com,,
c8f7a292-33ac-4cf2-b1fe-81c2b3597280,filed.tech,premium,87.5,350,48,7,5,namecheap,,
c93840a9-44dc-48bf-93c5-73c493508730,foes.tech,premium,156.25,,46,6,4,name.com,,
ca3134e0-e17e-40f2-92ef-db96d46229f8,geese.tech,resell,,,53,10,5,"DNSPod, Inc.",07/03/2022 01:01,07/03/2027 23:59
cadbc1ad-ea44-4d5a-bebb-f9c4c4df25fe,proxyfight.tech,available,13.99,,44,1,11,name.com,,
cc1efa5b-71cb-49a0-9a35-fa3e4cd2c770,cheesedown.tech,available,13.99,,62,0,11,name.com,,
cd0b8636-46e3-4164-80ef-6c3040c4eb82,childsextourism.tech,available,8.99,68.99,30,1,17,namesilo,,
cd63661c-7898-493a-9bd8-7258e2d6b733,havenobusiness.tech,available,13.99,,60,1,16,name.com,,
cda07f92-5448-43a0-8acf-902271b27f46,axes.tech,premium,312.5,,36,10,4,name.com,,
cdf73ea1-54d9-42f9-98be-aeabacab91a4,keepitdown.tech,available,13.99,,46,0,12,name.com,,
ce2a9457-6f0a-48b6-97d1-08da90c48948,pls.tech,resell,,,60,23,3,Squarespace Domains LLC,30/11/2015 02:32,30/11/2026 23:59
ced48f21-c2fa-4738-be05-7a722ee6032f,thickskinned.tech,available,13.99,,52,1,13,name.com,,
cf39f453-a0fd-436d-ab29-791892a894e8,amuse.tech,resell,,,82,12,5,Squarespace Domains LLC,01/03/2019 20:06,01/03/2027 23:59
cf51333e-73f3-4ff9-85bd-78fdb1aa94de,brothers.tech,resell,,,60,22,8,Squarespace Domains LLC,27/03/2020 01:43,27/03/2027 23:59
cfc8d834-5edc-494d-b1ef-19b75dcc28ca,sucks.tech,premium,87.5,350,48,11,5,namecheap,,
d0f54f3b-1ab2-48c4-b0f0-8b286b961d25,nitpicking.tech,available,8.99,68.99,58,1,10,namesilo,,
d132d436-f11e-4ac2-a15e-197d7e040840,dustbunnies.tech,available,8.99,68.99,38,5,12,namesilo,,
d18b267b-1c34-4461-99a1-bae3cc917492,deeper.tech,resell,,,56,19,6,Xin Net Technology Corporation,21/09/2019 01:29,21/09/2026 23:59
d285c6ba-bb9f-48c9-828c-11f22d106c5e,quitting.tech,premium,312.5,,54,4,8,name.com,,
d2b1a3b7-4f75-404d-9fb4-419a61e01d97,liveblog.tech,available,13.99,,76,5,9,name.com,,
d34fd93b-b2ad-49f9-9f76-fd9cef3d63fc,notsomuch.tech,available,13.99,,46,1,11,name.com,,
d4222f65-7d0d-4554-920a-4dc66a176b50,havenots.tech,available,13.99,,60,5,9,name.com,,
d45b4b7b-9164-4da2-bc27-0fb7f169f000,MickeyMouse.tech,available,58.98,,86,11,12,namecheap,,
d488b1c2-ff24-41a7-a5b9-09bdc5d262e3,disappoints.tech,available,8.99,68.99,36,1,11,namesilo,,
d57ab385-1d30-40d3-b29d-8926f6e37b2d,Ichooseviolence.tech,available,58.98,,44,1,17,namecheap,,
d7ea6197-a0b5-40a7-8807-e997c4da0e54,bebothered.tech,available,13.99,,63,1,11,name.com,,
d7fb726b-ac9e-4712-93a8-447bf0eef795,toburn.tech,available,13.99,,50,1,7,name.com,,
d977701a-fc5b-462a-b88b-7ad3c0525b51,proxybattle.tech,available,13.99,,44,1,12,name.com,,
db35a2cb-751c-4f75-8aa1-0aec74f283bb,lookup.tech,resell,,,82,30,7,Xin Net Technology Corporation,21/09/2022 11:29,21/09/2026 23:59
db4dffa5-3313-499e-9653-d3de6008a665,smashup.tech,available,13.99,,58,5,8,name.com,,
dc241378-30f4-4448-93f5-78797473a905,StGeorges.tech,available,58.98,,54,6,10,namecheap,,
de0b49b3-3fcd-470a-ac36-261af6252d2d,deadoralive.tech,available,13.99,,54,5,13,name.com,,
de8c9534-4ef9-4f83-b525-43d56191a289,stalled.tech,available,13.99,,48,3,7,name.com,,
ded82791-f8d4-4acb-a928-6f1f44edda14,tbsp.tech,premium,156.25,,63,5,4,name.com,,
dfc39c52-d19c-422d-a1ab-a2f4e7e6e4d6,newsletters.tech,resell,,,63,15,11,West263 International Limited,12/10/2024 03:06,12/10/2026 23:59
dfdda59a-b148-4ed6-b96f-8eff06307426,LGBTQ.tech,premium,,,86,17,5,,,
e0ead87a-7122-4d83-bd0d-b08e946cc7f5,swords.tech,premium,156.25,,52,10,6,name.com,,
e179d959-6d0a-424f-a211-5c5b43bdd621,gaps.tech,resell,,,40,8,4,"DNSPod, Inc.",28/01/2024 00:32,28/01/2027 23:59
e36d595a-c84f-477d-8279-5885bc89f558,turnedoff.tech,available,13.99,,42,1,10,name.com,,
e37468fa-624e-453b-b230-86df9811755d,makeitcount.tech,available,13.99,,72,8,13,name.com,,
e37ee3bc-f7dd-4e51-b3d0-49eb5fa98ac5,mistakes.tech,premium,312.5,,52,7,8,name.com,,
e411f717-dc42-4091-bbe6-ba93d8754c88,parkingfine.tech,available,13.99,,46,2,12,name.com,,
e6358408-7394-4f20-9061-bed8419da41a,takeanap.tech,available,13.99,,73,2,10,name.com,,
e6664b9d-c524-4e84-ad51-89c0657eedde,terrifies.tech,available,13.99,,39,1,9,name.com,,
e680a43a-5a83-455f-809c-47471bc36f45,sweettea.tech,available,13.99,,78,8,9,name.com,,
e6f17d91-1d4f-4f15-a348-0ca4efffacb0,suggestions.tech,resell,,,56,5,11,Namify Domains Inc,03/03/2026 21:29,03/03/2027 23:59
e78d3356-5cd2-4482-9749-2cbe6b9e7e05,risks.tech,premium,312.5,,43,10,5,name.com,,
e8ff82b8-be94-4ab7-a05e-9265cf9c6fdd,shouts.tech,available,13.99,,47,5,6,name.com,,
e914e1d5-f85e-45d9-a2e1-778ab3ac74b4,LoneRanger.tech,available,58.98,,70,4,11,namecheap,,
e91a91e3-a31f-4c44-aafe-9ca3c78f10a5,brainwaves.tech,resell,,,56,8,10,"Chengdu West Dimension Digital Technology Co., Ltd.",18/10/2024 13:53,18/10/2026 23:59
e9460dab-7994-4892-bdda-d061ae1874de,slipitto.tech,available,13.99,,64,1,10,name.com,,
e9f95412-8e21-4381-9897-14a2cf283b72,stepup.tech,resell,,,78,19,7,Squarespace Domains LLC,17/02/2024 01:06,17/02/2027 23:59
eb40c72f-dcb4-4652-ad51-0de26ccaac4a,generalknowledge.tech,available,13.99,,76,4,17,name.com,,
eb601d43-ef4b-464f-8844-f991cb458801,possibilities.tech,available,13.99,,52,7,13,name.com,,
ec993493-8d51-495f-9073-3bada9ef6e82,peed.tech,available,13.99,,54,4,4,name.com,,
edad5c2b-fb2a-4392-857e-73d978135f77,instyle.tech,resell,,,78,12,8,Alibaba Cloud Computing Ltd. d/b/a HiChina (www.net.cn),18/01/2023 23:50,18/01/2027 23:59
ee2feb54-80ac-409f-8e43-daee481647fd,dataentry.tech,available,13.99,,72,6,10,name.com,,
ef3f5228-a783-4f7f-957d-656e9a2d6419,IamHIVpositive.tech,available,58.98,,44,1,17,namecheap,,
f085c31a-8a7c-4106-9598-df84b8ddc741,grams.tech,resell,,,70,12,5,Alibaba Cloud Computing Ltd. d/b/a HiChina (www.net.cn),22/08/2023 08:28,22/08/2026 23:59
f2e87be9-55fb-483d-b4ae-e2a550ed2272,thieves.tech,premium,156.25,,45,8,7,name.com,,
f2f58c8c-b2b0-439a-b610-4de7bee5160b,wars.tech,premium,1562.5,,48,10,4,name.com,,
f30da25c-d673-4352-82de-a21376f43051,refusing.tech,available,13.99,,40,3,8,name.com,,
f38fee84-c9c5-447c-bcb5-0816acc480de,dangers.tech,premium,156.25,,46,6,7,name.com,,
f3e0e2f4-0a6d-4fe7-886c-5ffa698d916b,squealed.tech,available,13.99,,40,1,8,name.com,,
f467f229-9aaa-411d-814d-10a33b2a29cb,tended.tech,available,8.99,68.99,50,7,6,namesilo,,
f4d50d44-2a94-4e60-8853-bde65d62cc23,takehuff.tech,available,8.99,68.99,64,1,9,namesilo,,
f658d6d2-46e3-4026-b34d-7b312459637e,outofmyway.tech,available,8.99,68.99,34,1,13,namesilo,,
f7150af2-53e4-4f9b-824e-24148c60dc36,gomissing.tech,available,13.99,,70,1,10,name.com,,
f87897bc-3545-45fa-9a91-bb2e17bd0c91,hangover.tech,premium,312.5,,62,12,9,name.com,,
f87cd012-3273-4bc6-b7c6-ce6f0a88be3a,prettiest.tech,premium,87.5,350,62,4,9,namecheap,,
f98908d0-152c-4c1e-adfe-5a4b7cea86b3,oppositions.tech,available,8.99,68.99,48,2,11,namesilo,,
f9894f5c-c877-4606-bda9-92b067ad03e2,ingredients.tech,resell,,,56,14,11,"Chengdu West Dimension Digital Technology Co., Ltd.",05/03/2026 07:08,05/03/2027 23:59
f99e7f6e-0fc4-4206-a26f-a463a047144a,sidewindow.tech,available,13.99,,44,1,11,name.com,,
fa579134-4852-4b86-9493-ac7fbe51cbbd,skies.tech,resell,,,63,11,5,"DNSPod, Inc.",31/01/2023 01:41,31/01/2027 23:59
fadfe2eb-4dc0-44cf-bbed-b0ab80b8b12a,rubbed.tech,premium,87.5,350,62,2,6,namecheap,,
fb015e3c-981b-4411-9c30-d06a520002a0,scootover.tech,available,13.99,,66,2,10,name.com,,
fb573b7e-b215-4990-9bcf-5e6d2fc6b45f,keepfrom.tech,available,13.99,,52,1,9,name.com,,
fb73f1f2-4412-45a7-98d7-524470551d87,gotto.tech,available,8.99,68.99,54,6,6,namesilo,,
fb7f5528-b2a5-417a-83c7-e176abe96b65,parkup.tech,available,13.99,,59,4,7,name.com,,
fb9492ce-e44e-4ba9-ab32-2c38275ba940,paths.tech,resell,,,53,13,5,Squarespace Domains LLC,03/12/2023 21:58,03/12/2026 23:59
fcf9ac44-63a5-4850-a202-abc360fda7ae,OpiumWar.tech,available,58.98,,52,1,9,namecheap,,
fd87df44-833f-4bb2-ae28-026c476568d7,mortars.tech,premium,156.25,,40,2,7,name.com,,
fdfaf3e0-a53f-43a1-a444-a7b50c7b0207,mistakenidentity.tech,available,13.99,,52,2,17,name.com,,
fe82b1af-8a6c-44ba-9365-4d2a717e3ec4,mouthed.tech,available,8.99,68.99,63,1,7,namesilo,,
fe924fe4-7dc2-43ce-b395-538f1c5c00ca,arrested.tech,premium,156.25,,60,7,8,name.com,,
fed0dcae-14cd-4c1d-a114-39c9c5e66dac,moulds.tech,premium,87.5,350,52,5,6,namecheap,,
ffc0c3bc-ce68-454f-8fbe-fe1a34da2808,onfire.tech,resell,,,50,12,7,Squarespace Domains LLC,22/10/2024 01:51,22/10/2026 23:59
c96200b7-f8e4-4f50-94e0-4804936f9d81,intercontinental.tech,premium,,,60,44,16,,,
7657ff9c-810d-4102-a438-4fc14ee0d122,babish.tech,premium,,,72,76,6,,,
1ab0dea2-e5fd-46e5-93c6-f5ab7f911c0e,oilplatform.tech,premium,,,54,72,12,,,
823875fc-1b73-4cbd-9b65-598640324116,but.tech,premium,,,70,17,3,,,
c91fa4c9-1f6a-4818-8f2a-708463a6a106,degreeoffrost.tech,premium,,,54,72,15,,,
9023e6dd-1278-4834-a4a4-4f298f2eb2f2,beerbust.tech,premium,,,58,72,9,,,
b96137c3-3b70-45d3-9374-0a388ad64fc7,sharpcookie.tech,premium,,,62,76,12,,,
d4ef9eff-ace3-44ce-b6ae-427b623155d3,rouges.tech,premium,,,,12,6,,,
678ff3da-daed-4c9a-ba7f-6cfba2c244e3,Chinesefiredrill.tech,premium,,,62,72,18,,,
801292e2-6c6c-4b25-9f31-473ce220dd85,conurbation.tech,premium,,,52,72,11,,,
101ecf72-93d0-49f0-a76f-c5e65213d024,bared.tech,premium,,,54,3,5,,,
5dd8c90a-c5b9-41db-b253-e37d04d80cf0,knityoghurt.tech,premium,,,56,72,12,,,
68d9f2c5-daec-43a2-ac1e-a0062b2b8195,lawfulness.tech,premium,,,64,72,10,,,
e90fb96b-cf27-48da-be2b-4001bf6117eb,pimply.tech,premium,,,41,1,6,,,
155e04ea-ac64-4c21-bc71-8fecd7f3cc24,filial.tech,premium,,,56,80,6,,,
6d769422-cc72-4d15-8ef9-8011248218f1,appositive.tech,premium,,,63,1,10,,,
5a96c47d-fca2-42ed-bd44-e31c8708abae,makefriendswith.tech,premium,,,62,1,17,,,
5142545b-bbe6-4ce2-9acb-be78c235657c,onemoreagain.tech,premium,,,,72,14,,,
77cfb37b-203e-4db3-9338-892017989a96,duvetcover.tech,premium,,,36,12,11,,,
a7751996-9795-4319-bd03-e7c93a86f5a0,growacustom.tech,premium,,,56,72,13,,,
165c056e-bb11-47b8-bb58-b098c5e55ef7,sheraton.tech,premium,,,52,84,8,,,
97ef564a-755f-432e-a99a-cbff01dffe74,branchline.tech,premium,,,56,80,11,,,
1771600f-956e-40f7-8749-e2b4807870f7,blueshrimp.tech,premium,,,56,84,11,,,
5c77179f-64a0-41c7-9232-2c83a70f16d7,lookouts.tech,premium,,,48,3,8,,,
7a2079d5-0a51-4914-b415-bc5bbd4d2649,presentparticiple.tech,premium,,,60,72,18,,,
667ac3de-6eb5-4832-a29c-3463686b0665,dishup.tech,premium,,,78,4,7,,,
f3c6e85d-af77-421a-8483-12cf2e39042c,mallard.tech,premium,,,58,72,7,,,
f3870601-d9f0-494b-9934-ba593b8061b5,lowgears.tech,premium,,,38,8,9,,,
8a441c57-1ecf-4e5d-9867-45b60f4fb6c0,morefoolyou.tech,premium,,,,72,13,,,
36c949e4-7438-41df-8e2d-ea33fcf94173,chatgroup.tech,premium,,,62,80,10,,,
850e1acd-7c0a-4cc7-82f9-ccb6ae5322d0,pinktaco.tech,premium,,,,72,9,,,
d329b9d4-72cd-40f2-bb76-3a27c20cccd5,wagelabor.tech,premium,,,,72,10,,,
7857e258-7dba-499f-acdc-f72cf70413aa,pashmina.tech,premium,,,,44,8,,,
440536b5-0462-40e3-bf86-9c95e226797f,cometoahead.tech,premium,,,66,0,14,,,
73084afe-8461-442d-9e70-7eb39f887466,knowwhichendisup.tech,premium,,,58,72,20,,,
afa32556-c2ae-495a-b8de-cb341b106b4f,runningout.tech,premium,,,,8,11,,,
319f5dee-5962-46d9-97d0-ae6d25cb3a6f,decidedly.tech,premium,,,57,88,9,,,
d5209afc-b29d-40f1-8ad0-1eb8bd2558b4,consult.tech,premium,,,101,29,7,,,
13553c0a-5e3c-42d5-afb8-bcc04c6ffe0a,avi.tech,premium,,,52,96,3,,,
ea129bbe-7d38-443e-bd2e-32f7909fefcd,candysugar.tech,premium,,,42,72,11,,,
929993b1-951f-4152-9d44-6335aff99f6e,soddenly.tech,premium,,,44,72,8,,,
c6c4d7a3-379f-4f70-bf5d-f4cb6b1cfdb5,cures.tech,premium,,,54,48,5,,,
f6ea01e5-306f-48b0-ac45-9243c8535f64,MississippiCounty.tech,premium,,,50,8,18,,,
c9a1f5cf-2dfe-48a5-80e4-34146da47199,Ausonia.tech,premium,,,54,76,7,,,
fdcc6fbe-e424-4c08-a894-3ef3e3eeb7ef,Jacki.tech,premium,,,58,72,5,,,
35f3aa48-7f82-425c-b3bb-29a1302b876a,alumnus.tech,premium,,,68,72,7,,,
f8bb1ee1-2ff8-42f4-9e64-1e696c7e290e,bathingbeauty.tech,premium,,,70,72,14,,,
cd20dbd3-978b-403d-b751-703af8490b4b,fishhooks.tech,premium,,,32,12,9,,,
748911b5-6d05-4670-a304-be35d8e555c6,skater.tech,premium,,,60,76,6,,,
60050240-4c81-469c-b128-62dda32ea597,accentual.tech,premium,,,54,2,9,,,
cc24868b-bd5e-4c31-96c8-a8d429aa193a,rafts.tech,premium,,,70,80,5,,,
3d6f3267-f16e-4f4c-9090-49a79f1050b0,fullbird.tech,premium,,,54,72,9,,,
1f0cefd9-aff6-4f1d-9ddd-5580cd71f7cb,hydrated.tech,premium,,,62,80,8,,,
0a34c412-fb81-4f93-925c-10ea2d60a4be,lichenmoth.tech,premium,,,54,72,11,,,
da6e662b-6ec6-4345-b05c-4983bdfbcbde,provisionaljob.tech,premium,,,54,72,15,,,
5aa7b05f-895b-4ef3-a6ff-1915cd7d5d45,jurytrial.tech,premium,,,54,76,10,,,
aa884b2b-4dcd-417a-b533-b682c51dc9d3,mellifluous.tech,premium,,,56,72,11,,,
27674a37-6b52-4774-9b69-211c27f9b276,afflicted.tech,premium,,,54,3,9,,,
8487a8e5-3abd-46b7-9a55-efdca8959499,forehand.tech,premium,,,50,84,8,,,
7e54b045-8e95-483d-9974-4c35f965de75,reconstructs.tech,premium,,,,4,12,,,
d1c1ac1b-a067-402c-997f-c636a97306f6,beatenup.tech,premium,,,44,0,9,,,
4c641a31-5b37-4c9c-92a9-35dafc15a1a6,cumulativeeffect.tech,premium,,,54,72,17,,,
9d827516-5754-497a-a0d8-7cdb41404e13,trainmile.tech,premium,,,54,72,10,,,
eb706f14-88d6-410f-9497-03fd62064108,rubberstamp.tech,premium,,,60,84,12,,,
cda5ed43-83a5-4862-8467-fb13e1e7f7bb,amuser.tech,premium,,,68,72,6,,,
ba99bf87-9598-45fa-8059-7cdbfe369e05,HisExcellency.tech,premium,,,46,12,14,,,
a963b83c-2042-4c63-99c9-a62f424540a5,sunloving.tech,premium,,,56,72,10,,,
3365deda-9e00-4a25-851a-6ed06cf70f51,hindsight.tech,resell,,,68,16,9,Squarespace Domains LLC,22/03/2019 01:14,22/03/2031 23:59
acafbee5-fd48-4666-81ff-59a6af128ada,thy.tech,premium,,,52,84,3,,,
fb82d1dc-fd05-4dc1-a402-56a613afef08,spectatorship.tech,premium,,,,8,13,,,
81688d04-45f6-43de-b78c-82dc78e94050,agricultural.tech,premium,650,1300,74,84,12,namecheap,,
898141c9-ed1d-44ce-8a36-c5f56326d28a,valvespring.tech,premium,,,,72,12,,,
83e7bded-0730-4e9a-9d8b-fb3c42c25518,mugcake.tech,premium,,,60,72,8,,,
b4fc85d7-6781-4064-b448-7a5d2b942ffd,heads.tech,premium,,,70,13,5,,,
f38bebb2-ecc4-410b-9b51-8c133fe90c51,organisation.tech,premium,,,,88,12,,,
a59f099a-d324-4fad-b667-2607a1ddfd10,smithereens.tech,premium,,,,48,11,,,
7d497f10-ae06-4cc0-b0f5-9df2ba7ef9f1,hardpower.tech,premium,,,58,76,10,,,
a7569ddc-d80e-497a-99bf-a43c12038859,alternativeleft.tech,premium,,,36,72,16,,,
f594743e-4f12-4013-a2af-6d57edda0b0c,CardiganBay.tech,premium,,,50,8,12,,,
0305aea2-0f60-42d3-b280-bf147eaacea7,affirmatives.tech,premium,,,60,1,12,,,
a939ff57-efe1-4564-a765-87d6fd43fc1d,nonintellectual.tech,premium,,,66,72,15,,,
1e630f9e-a133-4a5c-947f-f4740d8ffca7,treebranch.tech,premium,,,66,76,11,,,
bebd2e52-6786-41ee-b849-fedd0c454815,readalong.tech,premium,,,,84,10,,,
57ca863e-015d-4a9e-b90e-b22326fd6d4d,flatsit.tech,premium,,,56,72,8,,,
51f14493-b5d4-4cfc-833a-56b599cfbf9e,scrabbles.tech,premium,,,,12,9,,,
202ed0b0-251e-4994-91d4-a1bba489b5b0,Himalayanbluepoppy.tech,premium,,,64,72,20,,,
518fd7da-ace0-4668-add0-f7c7be2b866a,kerfluffles.tech,premium,,,38,4,11,,,
ce8bf7a8-ad93-4ad7-9b1b-72304cb8a6a0,oral.tech,premium,312.5,1250,58,84,4,name.com,,
792e78e6-b703-47ed-8708-d80b370b0631,Bolingbrook.tech,premium,,,48,76,11,,,
8e2d9cf0-e792-41fb-887d-14c266df8dce,committing.tech,premium,,,64,1,10,,,
d6752541-6f1c-47b6-8b06-bc710dfba7f6,icemelt.tech,premium,,,60,76,7,,,
b7abe2f2-712b-4f01-964f-5fea670c2fcb,ancienttimes.tech,premium,,,,72,13,,,
72abd610-a8ea-4541-825b-b8be7ed98367,otter.tech,resell,,,56,84,5,"HOSTINGER operations, UAB",04/12/2015 02:07,04/12/2025 23:59
680710f1-a960-4d52-8761-b70db479bda3,poppedout.tech,premium,,,,4,10,,,
e00f88fc-c6ea-4ace-b373-defa9c8c4b0c,drippingcake.tech,premium,,,56,72,13,,,
536240ab-5019-4acc-b544-24b56df77ab0,cherryknocking.tech,premium,,,58,72,15,,,
c2524f73-f3c6-4d14-b280-322767724338,fulfils.tech,premium,,,58,24,7,,,
a94e3ce4-40da-440a-8b00-bd341c78cbff,seedgrain.tech,premium,,,56,72,10,,,
61f87b9f-1e6e-4c70-ad7e-c6a1b2cd428f,Indiantime.tech,premium,,,58,72,11,,,
5fed09fb-f9ba-49ff-b050-b8aa45bbf9f0,goosed.tech,premium,,,44,36,6,,,
4046243f-3df1-4cff-9362-b03936168e8f,SoleBank.tech,premium,,,,20,9,,,
cdf975f4-3fca-4d98-8c43-71b4cb393fb2,Kentishglory.tech,premium,,,54,72,13,,,
7722bdc8-f861-46ac-91f8-b8c6c1535dc1,loyallove.tech,premium,,,52,72,10,,,
4d310cc3-5c99-4d9d-a0ab-5560cb58a03e,comeoutontop.tech,premium,,,72,0,15,,,
4ed487a5-7d83-48d3-b6cf-fc67e281fa46,wintheday.tech,premium,,,,84,11,,,
4b2c3578-a49a-4475-88ce-7e51b7619fea,kingofthedoos.tech,premium,,,54,72,16,,,
4695a648-4dc4-448e-aaae-ecd28e0437b3,bigtent.tech,premium,,,58,88,8,,,
c1bc8688-e5b4-4e1e-bada-7437c1477c08,aeration.tech,premium,,,53,76,8,,,
b754f44c-6dcf-4dd3-96d9-af93a2b77853,upclimb.tech,premium,,,,76,7,,,
b6ee3a55-bc09-48c3-8961-b0e87c45ab90,inchief.tech,premium,,,,72,8,,,
9595727c-cf89-4fd5-8aaf-7ba4ae5ce36e,granuloma.tech,premium,,,56,68,9,,,
34460fd8-1028-4bf2-bd04-96d6d0729c0f,greenwingedteal.tech,premium,,,50,4,17,,,
93f04bc9-60c4-4b5c-8f95-27c99ed9f72f,Kippens.tech,premium,,,52,72,7,,,
3f483276-5692-481d-8181-cccee73ae8d6,MaginotLine.tech,premium,,,48,72,12,,,
aa7d8bef-8cad-4978-b2f1-e9b5d7ed483d,diplomatically.tech,premium,,,52,72,14,,,
5c46eedb-1805-4423-a57d-c23d43bce607,satirize.tech,premium,,,54,76,8,,,
93f1c0a2-2204-4f5b-b355-4d4e3234e24b,todiefor.tech,premium,,,,80,10,,,
65bd9ee0-1dc8-47fd-9d05-d96d1d36121d,dropdownlist.tech,premium,,,62,72,13,,,
da1a58f5-f770-4ad5-bd5f-2f24f0e88501,Whittingdale.tech,premium,,,50,72,12,,,
ad06b918-953a-4b97-8eb8-68ce3283ce63,normaliser.tech,premium,,,58,72,10,,,
7a305c0e-f179-418e-bd5a-f6b07e094f8d,boxedged.tech,premium,,,38,72,9,,,
3b88e434-e1e2-4169-8767-0b2166ac6241,stalwartness.tech,premium,,,,4,12,,,
a3e4c8f5-20a4-4604-aa38-796c46798fff,KingdomofBahrain.tech,premium,,,46,68,18,,,
609addc3-863f-48d6-b719-6d94f0892843,birthmark.tech,premium,,,54,84,9,,,
14d6da4f-a71c-412d-9968-c084cd4a2e62,NewAthens.tech,premium,,,,76,10,,,
1f7a34d4-03dd-4b76-9142-091c5b46a426,instructions.tech,premium,,,56,84,12,,,
50844754-aaa7-439e-9833-8fd14cfd9309,fork.tech,resell,,,94,23,4,Squarespace Domains LLC,13/02/2017 13:56,13/02/2027 23:59
3978045a-c420-4ad9-bd7c-0f8f91dd6b9d,experimented.tech,premium,,,42,16,12,,,
5131e014-de01-4ffa-892c-ef5ee5c58d6e,mumbled.tech,premium,,,,16,7,,,
030e43a1-023b-483d-be03-ba4d40acabf8,enwrap.tech,premium,,,68,68,6,,,
9610ec99-2d6c-44b0-b293-ff50ade59bac,spotkick.tech,premium,,,56,76,9,,,
d08e43cf-1619-4485-af5e-de742f1418b3,infieldhit.tech,premium,,,66,72,11,,,
4b0f9509-d8c7-4733-9886-10cad419405d,spotlighter.tech,premium,,,62,76,11,,,
8a6ecde1-6aee-4bc1-aec8-140a5893492b,nonapathetic.tech,premium,,,,4,12,,,
ae15ca67-c67e-41b9-9d83-5de5e1a73434,descend.tech,premium,,,94,5,7,,,
37e4f822-b410-4a1f-beff-eb419bae5346,harddriven.tech,premium,,,40,72,11,,,
0a3f5cae-4906-438a-8b41-30ce8b7db3a6,remarked.tech,premium,,,58,72,8,,,
8074bc62-1f48-45dd-a3ef-d228cf07343c,browsers.tech,premium,,,46,44,8,,,
6596701d-08ac-402a-b190-7d6ef169a73e,hardcover.tech,premium,,,68,84,9,,,
f8df2691-f9f4-446f-9533-83fdb5384f99,wakeboarding.tech,premium,,,,76,12,,,
f1181639-4639-4528-954e-e2871d6b4fc0,beautyparlor.tech,premium,,,74,72,13,,,
2c78834d-7570-4744-8965-ec6858fcaff5,reattached.tech,premium,,,,8,10,,,
3f6ca34a-4534-4b1a-8c0d-254d21f8cc8b,abstinent.tech,premium,,,66,1,9,,,
5881bd20-b74a-49ee-b289-4d63d598fefa,drageoirs.tech,premium,,,34,4,9,,,
52b01695-bcf4-41cf-aa8e-361e26eb545a,cuffontheear.tech,premium,,,54,72,15,,,
ce344b65-258c-4727-9276-2bfb11bd6c9b,ezrapound.tech,premium,,,58,72,10,,,
26f3e871-3fab-402b-bea7-21623f0bbdd1,everysooften.tech,premium,,,52,4,14,,,
c5470c56-6092-4cc5-8f16-974dc2df3811,frustrate.tech,available,13.99,84.99,74,2,9,name.com,,
9211bd13-13e6-4da4-bbee-f5914c5d975b,Gowkthrapple.tech,premium,,,44,72,12,,,
955bc999-781c-4433-a65e-3aa1a62a0618,investments.tech,premium,,,56,20,11,,,
77a9d712-6a9b-4727-8ae8-e01ebb31a50d,FiveIslands.tech,premium,,,50,72,12,,,
e4260af5-1738-42df-a236-f907b503151b,breadtie.tech,premium,,,58,72,9,,,
2a1db0cc-cb69-4f8a-8652-e48924586fee,highphase.tech,premium,,,39,12,10,,,
ccc369b9-90a7-44bf-9024-32d40659a3f1,divinement.tech,premium,,,61,72,10,,,
825daa82-7ce9-4d0e-bfd5-5a67bd7a91b2,sufferable.tech,premium,,,48,1,10,,,
92928677-b566-4327-a36f-32180bb10c65,rooter.tech,premium,,,62,80,6,,,
a19a5238-8404-47cd-b205-7941d48d97ea,betatest.tech,premium,,,56,80,9,,,
8de31a49-e31f-43d6-9093-f52426a8fc76,discretion.tech,premium,,,64,72,10,,,
fe489673-ba25-4f2f-9c08-36393cb26f76,Katheryn.tech,premium,,,58,72,8,,,
a6f6d002-0761-4d62-ab5f-e2ac6b2fb423,billboards.tech,premium,,,46,52,10,,,
eb3afa0b-2afd-45b3-aff3-8cb0a82ef09c,Linwood.tech,premium,,,58,80,7,,,
2ae275ae-734f-4d73-821a-cc01a39db15c,forXYZreasons.tech,premium,,,58,72,15,,,
7ddae060-e98a-4a30-918a-c291b19c6046,acct.tech,premium,,,56,76,4,,,
35d9b07f-e486-4772-adf3-46cd31d9d820,palliative.tech,premium,,,84,6,10,,,
31f397c9-20d1-40e3-bd01-a808b51a0a3a,keykeeper.tech,premium,,,60,80,10,,,
f6578dfa-bd32-4d30-ba81-d24673c2df9a,privateenterprise.tech,premium,,,62,72,18,,,
1f193ef5-16b2-4251-8368-6dbca64ae017,accounting.tech,premium,1625,3250,64,84,10,namecheap,,
68c72ffa-c35d-42b5-ad5a-77dc646d556b,manscaping.tech,premium,,,52,76,11,,,
b05c646b-c856-4be0-becc-1dacb330cdef,trimup.tech,premium,,,,20,7,,,
f11955cf-9b5c-4686-a71d-151bc7b38148,DickersonCity.tech,premium,,,36,76,14,,,
0679795b-d326-4490-99f1-22cd4ffc2266,commonpoppy.tech,premium,,,66,72,12,,,
00477c54-99c8-41e2-b2ce-bedaa236650e,HolyMonday.tech,premium,,,52,72,11,,,
2e56cc1a-280a-4539-82f9-b77859f13f03,motherboard.tech,premium,,,60,80,11,,,
9b281a75-6d83-4c83-8b16-231c80919db2,traveler.tech,premium,,,68,19,8,,,
8294baa1-4132-4d38-8c3b-4272c5d9244e,goodandproper.tech,premium,,,66,6,15,,,
ad6971b3-2ded-4e69-9a9a-2e08c79c7b3c,frontwoman.tech,premium,,,60,72,10,,,
9d6d4bfd-51a6-43b4-a2fd-f6fe550f0498,leadstory.tech,premium,,,66,76,10,,,
5f578736-d2d1-4c38-b350-7f34975982ad,repent.tech,premium,,,74,84,6,,,
ae69c598-bb06-4ee0-98dd-5b23af66551d,doggiebag.tech,premium,,,66,80,10,,,
460145ad-108e-4809-beb2-414a74cecf52,motorspirit.tech,premium,,,56,76,12,,,
e8d17aaa-f72f-4c8c-ba6c-67fec8f5aaa0,managedisolation.tech,premium,,,52,4,17,,,
04a4d8fd-7a42-4281-8db0-e8a65fc69d10,FSR.tech,premium,,,60,84,3,,,
5ad50cb4-22e2-46fc-9f0e-8cdcae9ad939,shalt.tech,premium,,,,1,5,,,
09008571-b25e-4aca-9e77-b32560ec27f8,retiring.tech,premium,,,73,5,8,,,
35fe7dc2-e2cc-4603-a666-c2406b337441,contributing.tech,premium,,,42,72,12,,,
f97d4e4c-6413-4976-a7f3-57862cc872df,assumptive.tech,premium,,,44,1,10,,,
a3a0f5d7-3724-41a9-bdfc-f560d432b657,highsociety.tech,premium,,,69,8,12,,,
e256a7d6-2fff-4916-9bf2-267dcd488932,thronged.tech,premium,,,48,72,8,,,
315b4bf7-544a-4109-9276-220e763e292b,wrinkly.tech,premium,,,78,72,7,,,
c49982de-5bc0-488a-a23b-482cb7eab7fd,noscoredraw.tech,premium,,,,72,13,,,
9d8e6c3d-5dc1-4d63-9a57-680f03accf2d,YorkRegion.tech,premium,,,,16,11,,,
ca26c4a2-f248-4a40-8b1e-1804f30924b0,humored.tech,premium,,,64,72,7,,,
8aa1db38-7a5e-4283-a3bf-f70c16221502,basotho.tech,premium,,,56,72,7,,,
c6ef5ab9-0a52-4ce2-941b-2765e874fd20,billeting.tech,premium,,,56,72,9,,,
fccd01bf-0de9-487e-9882-536f0f78fbcb,surrey.tech,premium,,,66,84,6,,,
08d70a64-9468-402c-b9c0-bc1d5d7e90ce,scoffdown.tech,premium,,,,72,10,,,
6ab05591-7173-4383-a8df-6d1b27d37c4c,corrugated.tech,premium,,,56,80,10,,,
e251f2a6-78f7-468b-90d1-78250177f23a,showily.tech,premium,,,50,72,7,,,
8c881a8b-1c05-462d-8395-2b58978b2abb,pluripotency.tech,premium,,,,12,12,,,
2fd616ce-4277-4793-a1ce-19c715fe5de0,endearingness.tech,premium,,,56,4,13,,,
c43c8e12-c3f8-4750-9932-78270999b02f,rotarycannon.tech,premium,,,,4,13,,,
df33ff41-a0e2-41bc-ac5f-986466a3107c,typings.tech,premium,,,,28,7,,,
47470474-ad7d-4a6c-bc67-97fe28cf0c5f,Whiteabbey.tech,premium,,,50,72,10,,,
6713e7e0-ace6-4262-92ec-9dbe937f1f91,splodges.tech,premium,,,,8,8,,,
6d72604f-6cfc-4a6b-8ea9-b9b057a57200,hotblooded.tech,premium,,,54,72,10,,,
7bdc5002-3e06-4f08-b807-ce06383148da,ofcourse.tech,premium,,,66,10,9,,,
f37295cb-edae-4fb9-824f-f4f2d3e2ac19,isothiazolinone.tech,premium,,,56,72,15,,,
36e37390-98ab-47d8-863e-fbb53ff8ee74,reynolds.tech,premium,,,58,92,8,,,
4f28e8d4-2959-420c-b20d-b8db15ee763e,telephonenumber.tech,premium,,,54,84,16,,,
3858ef8a-0024-4754-a8f3-24638e9e3c1e,Chineseelder.tech,premium,,,58,72,13,,,
d7d9e352-b660-40b7-b202-c1bf8eb500e0,shaikdom.tech,premium,,,56,72,8,,,
4987d4e4-22f3-456a-9d32-4978d983e7f3,memorise.tech,premium,,,80,6,8,,,
e78009ae-319a-4700-a414-d2f9b81140b8,walkingdead.tech,premium,,,,40,12,,,
f1ee75b4-c5e4-405f-a280-49956e17bf1c,invest.tech,premium,,,90,92,6,,,
1dc2b189-1ab9-4954-8f9e-8984d716279e,sultry.tech,premium,,,60,84,6,,,
2c3e99c1-753a-49dd-b82f-7bc8108a22ee,happyeverafter.tech,premium,,,66,80,16,,,
0a072121-37a0-4d74-a4c8-b22d3ae83233,buckets.tech,premium,,,50,52,7,,,
26256c37-ecce-4188-98a7-93e9162d5501,onlyson.tech,premium,,,58,72,8,,,
c684d280-359e-447b-bb07-5849a98f5cf6,dramas.tech,premium,,,50,28,6,,,
b5f7eae2-b9f4-4481-9290-22c74ef168bb,procession.tech,premium,,,78,80,10,,,
528335e0-e2da-49d1-89d4-e99572344196,unscrewed.tech,premium,,,,24,9,,,
756059dd-a6b2-4a8a-a727-618edb79ec66,eagerness.tech,premium,,,62,80,9,,,
cc7a17cd-1f8b-4596-9134-c86e76fc25df,hangaleg.tech,premium,,,58,72,10,,,
123a38d0-9bc2-4134-8ff3-8d95271341c5,subwoofer.tech,premium,,,52,76,9,,,
cf5d369c-18b3-4fdc-81bd-5f2430702123,Archimedesscrew.tech,premium,,,66,72,16,,,
00469d85-d32f-4f9b-9574-4e82327c28d4,MakassarIndonesian.tech,premium,,,74,72,19,,,
e58e8964-2c34-422a-80cc-a25aa49b298b,assemblytime.tech,premium,,,64,8,13,,,
7ee50ddb-ffcc-4338-a341-276fd2e56860,pyrheliometry.tech,premium,,,,4,13,,,
9499fd07-3678-455c-aac4-08067b82d6cb,oregon.tech,premium,,,64,22,6,,,
3bc5e0f2-a57e-4338-9ba6-c7b4eea58ca4,senses.tech,premium,,,,13,6,,,
43d723c4-7324-43fe-8311-404e6c2bf24e,bodies.tech,premium,,,50,80,6,,,
72db978a-f45e-4982-a0d4-b8b6ba68c76a,drowse.tech,premium,,,80,80,6,,,
5ec0ddfe-0af0-4f51-9f90-8af5e4779f89,Austerberry.tech,premium,,,50,72,11,,,
a2ae735f-5eef-44be-96f9-b61bf5790f7e,gettheleadout.tech,premium,,,66,80,16,,,
12c9c595-8206-4708-9575-57eba670929d,LaTourette.tech,premium,,,50,72,10,,,
b8061432-946b-4ac5-8d20-c48d623cf893,NewGottland.tech,premium,,,,72,12,,,
9209a35d-680f-4de7-9eaa-50243840729e,Grasswell.tech,premium,,,44,72,9,,,
09fb35b3-eaac-43ee-ba38-3463a6b2d2a4,nonparticulate.tech,premium,,,,4,14,,,
67f1857c-eadf-45e6-8875-a8ac94dbff0f,jingoists.tech,premium,,,34,8,9,,,
b66988ac-09e8-49bc-b1d6-93bd8cfdad8c,stretchy.tech,premium,,,60,80,8,,,
b802cc5c-f4ca-4a9c-b23d-fb75f489b055,territories.tech,premium,,,,88,11,,,
7df42e3c-e2fd-42c2-8afe-d6611a664a1a,flabbergasting.tech,premium,,,58,72,14,,,
1e275bef-40d9-488e-b532-4524535518cc,novelists.tech,premium,,,,20,9,,,
f623be59-c2d5-41cb-8319-eb7d3fc36fa2,Austrianpeaweed.tech,premium,,,62,76,16,,,
e83a793d-7b1e-4621-8169-86d708e740ba,fruitcrush.tech,premium,,,58,80,11,,,
32087162-c9aa-4300-a8d0-55ae234b6ae7,allnightman.tech,premium,,,54,72,13,,,
54c2588f-140b-463c-ba6e-6c6f51005f11,hotbottle.tech,premium,,,56,72,10,,,
f0a65d9e-fc2f-436a-8c56-4883b7d4a68e,happycorner.tech,premium,,,82,84,12,,,
07bfca68-cceb-45e7-b03a-c91ae3e07cec,twosome.tech,premium,,,72,84,7,,,
50baf27e-9734-4cc2-ac1c-a981a77c6f82,cooljazz.tech,premium,,,68,72,9,,,
bbf01276-0194-4015-bfc8-94271ff4f339,jobholder.tech,premium,,,54,72,9,,,
e5ea2746-0565-4d2b-82ad-59e32f950a7f,flexecutives.tech,premium,,,40,8,12,,,
c4250440-c539-4ff5-82f6-a95d4ced0f7f,iodinate.tech,premium,,,61,72,8,,,
86cc7270-f3fc-4f2c-9f1e-d9e9c6e6c4f8,holddownthefort.tech,premium,,,62,72,18,,,
7fc8ed76-f860-467a-9d47-2f717b1feb91,timeevolution.tech,premium,,,,72,14,,,
8e340953-18d6-4389-9117-76aeb95b9c74,DodgeCity.tech,premium,,,56,80,10,,,
8a944f59-eada-4245-942a-45202d010b81,jewelbox.tech,premium,,,44,80,9,,,
6fb8ead4-dda3-405d-9fab-a51d500fb5fd,DVDdrive.tech,premium,,,54,68,9,,,
e798435d-6fa0-4638-954b-9623f88162d9,pinkpound.tech,premium,,,,72,10,,,
63a6c809-6cba-4ead-9fcb-2799091c904a,vanguard.tech,resell,,,68,16,8,Squarespace Domains LLC,16/03/2020 08:55,16/03/2031 23:59
9d50d020-36e4-467e-b5b9-08e3da0dff87,invigorating.tech,premium,,,50,72,12,,,
750cb5b4-9e26-4a2a-b15c-21e3b0feb564,worshiper.tech,premium,,,64,76,9,,,
c7ad6b6e-8deb-4af1-bd9c-3d423e59e587,haleness.tech,premium,,,62,76,8,,,
938d5120-6663-408d-a2c7-c7a2ac24a40f,ninthgrader.tech,premium,,,64,72,12,,,
963c783d-62d2-43e2-b254-a6084e57cbf8,makethedifference.tech,premium,,,76,3,19,,,
bdc94002-7491-4009-be02-829aaa2b3b83,wanting.tech,premium,,,84,7,7,,,
7964be10-fd30-4beb-86f0-3abdf762f88e,straddling.tech,premium,,,,72,10,,,
87aef9ae-45e7-440c-bd62-eb776a73d12c,Latoyah.tech,premium,,,60,72,7,,,
6b100a9e-9377-4e83-847a-5b82dde56d5f,pageturner.tech,premium,,,62,88,10,,,
3c8638b1-1bc4-495c-ac74-9f399ba6c971,ChineseSharPei.tech,premium,,,44,72,16,,,
aa8d9d96-e404-4ccb-b085-b8f3b9670cd7,outgrowth.tech,premium,,,56,80,9,,,
8436cd16-edc3-4750-b9ec-8c9a5c16e833,Easterlily.tech,premium,,,60,76,11,,,
a0807710-c583-4201-aba1-c7f5ce4a7a63,dominantly.tech,premium,,,46,72,10,,,
cf3b8bca-cac4-48e9-89c2-48cddf52bfd0,uncharacteristically.tech,premium,,,42,72,20,,,
c35870ea-7318-4f08-a6cc-376d3a0ffac1,hitthemlicks.tech,premium,,,54,72,14,,,
ef9b5338-f885-4b9c-afe9-e1851fc6196e,devisee.tech,premium,,,58,72,7,,,
4c64c590-9e92-44f4-9505-29af48f52b16,yippie.tech,premium,,,60,80,6,,,
0fb03e1d-2f67-4ba6-9e10-a9799637e627,sailboard.tech,premium,,,74,76,9,,,
b26a987c-a6b7-4b77-8e92-5f1f071a4ddb,abenaki.tech,premium,162.5,325,82,3,7,namecheap,,
831d45f2-2498-4be9-8ea6-4f446250e8be,hellogirl.tech,premium,,,64,76,10,,,
8119d675-1775-43b9-86c6-4ded1db37dfe,millwheel.tech,premium,,,56,72,10,,,
15ef3453-8b3d-488a-b487-5ce7f5cda511,Chinesesqueeze.tech,premium,,,38,72,15,,,
316068e0-90ab-483d-8b39-90581948856c,polarfox.tech,premium,,,56,88,9,,,
ebd5ee38-34a8-42cf-96b0-b758fff3b26a,talking.tech,premium,,,66,84,7,,,
45b1a573-01a6-4adc-9179-40a6ca034a40,evenkeel.tech,premium,,,62,88,9,,,
8923f122-e914-44c6-b60c-f9ed7d9df986,burstforth.tech,premium,,,56,76,11,,,
d5e7e7ee-66dd-4d26-887b-2963e0692578,asyetunknown.tech,premium,,,58,10,14,,,
1efd4db0-83c4-4502-b5d4-8664d9348ad5,undeterred.tech,premium,,,54,76,10,,,
cff9833d-cf2f-43af-8c6b-2a47aee9a22d,bigschool.tech,premium,,,68,72,10,,,
d7d2d810-488e-4ea8-b1ff-7f9be8bf3eda,berryblue.tech,premium,,,76,80,10,,,
dfbe389c-2491-4515-9932-5bb30d7a8398,rightnow.tech,resell,,,,16,9,Alibaba Cloud Computing Ltd. d/b/a HiChina (www.net.cn),30/01/2021 21:09,30/01/2027 23:59
dbb87de1-4517-45bd-9118-6c9281c70432,spiritual.tech,premium,781.25,3125,62,24,9,name.com,,
126c76a1-a7da-4640-8e5d-effce7f57dcc,chinastone.tech,premium,,,40,76,11,,,
9e45ecb3-7938-41a0-964a-5b8600ca84c9,northernspell.tech,premium,,,,72,14,,,
f96e6e3a-8034-44e9-9272-cd758206aed7,artifactual.tech,premium,,,48,32,11,,,
9c2a08a6-2bfc-4960-8372-729b794a7196,anvers.tech,premium,,,56,72,6,,,
c6f7d56d-34f9-4b63-ab5a-a0dbe4ab343e,goobers.tech,premium,,,42,32,7,,,
63dc5846-dcf4-48ed-bef6-a139e4cb2852,inasnap.tech,premium,,,44,28,9,,,
dba40b35-1e7b-4b29-8d6f-42065db95000,Lucero.tech,premium,,,52,84,6,,,
a2b22f4d-a9e3-4d2a-b336-4f20ba0250f6,rangedweapon.tech,premium,,,56,72,13,,,
afb714e3-5662-4c3b-9036-bc3a126a30f9,concertmasters.tech,premium,,,48,12,14,,,
c0b9ffe7-b3fb-4674-8433-57b4a1d27422,potbelliedstove.tech,premium,,,56,72,16,,,
28eb8b0f-7a78-4e3f-a98d-c8b062b55cec,Brexiteer.tech,premium,,,52,72,9,,,
1ac64006-4e59-41fb-ab1d-b6b0019715b4,nineteens.tech,premium,,,,12,9,,,
f7d56d94-bd7d-4421-a30c-d3a12091620f,affinitygroup.tech,premium,,,58,84,14,,,
509cf768-229d-47ef-820b-4c604f564c90,fathomable.tech,premium,,,56,84,10,,,
0dff6446-89d5-45f6-b7cc-54bfd42de694,ICO.tech,premium,,,70,92,3,,,
a72096b7-dc35-4ab1-a7fa-50d9e0542b69,cladding.tech,premium,78.12,312.5,54,80,8,name.com,,
b0503f9f-37cd-4fc4-a912-e7b6451f3478,shortrun.tech,premium,,,58,80,9,,,
f99eb801-4866-4267-9832-5a1278cb623f,interventionist.tech,premium,,,66,80,15,,,
aa4ead3d-6a78-494e-aaab-0c3f3ffb8c22,gigavolt.tech,premium,,,54,80,8,,,
bc5df99e-12d0-4797-857c-af22d4423b65,KingsWorthy.tech,premium,,,62,72,12,,,
c67f1284-2567-4502-af2b-dd549ba7feb6,priceless.tech,premium,,,75,66,9,,,
a1a451a1-9b7e-4fa9-aa3d-3a1a01f7dad8,Chinesewindlass.tech,premium,,,38,72,16,,,
375ffd30-2540-4f3d-bc89-f5b7db8a9c5d,valueproposition.tech,premium,,,60,80,17,,,
3d2f97cb-fb3d-4ad7-8726-c77aa1244d4a,admirably.tech,premium,,,66,72,9,,,
37ce83e1-0e65-4b86-9075-5e27394f27cb,monarda.tech,premium,,,62,76,7,,,
2ab4d605-c415-4e07-a6ae-86c2b4ce626a,banging.tech,premium,,,60,3,7,,,
d7eb3888-5c2e-42e6-aeca-1a430d62360b,internship.tech,premium,3125,12500,62,80,10,name.com,,
55ba31f5-e51f-4f8c-9da5-5d9ac0b278ea,thisone.tech,premium,,,,9,8,,,
5b235b09-113e-4808-9ec6-47f87691fb82,stanselm.tech,premium,,,64,76,10,,,
ee6d4238-0247-40a1-a68b-0da58d0e9845,placename.tech,premium,,,,72,10,,,
a4aecfdd-8aa0-4f98-af52-cc16c38f1c05,amative.tech,premium,,,60,2,7,,,
95212560-a1cb-413b-8e25-d46f536732e1,pancreas.tech,premium,,,60,6,8,,,
14a5dcad-a58d-46e6-94a1-03ecbba26fea,cornsyrup.tech,premium,,,50,72,10,,,
894d0674-fc4c-41be-a313-452a54c1e081,streetmarket.tech,premium,,,58,80,13,,,
784b54fe-b952-484d-9183-705b38386540,owned.tech,premium,,,72,14,5,,,
a63947c3-4fb4-422e-9e59-a91031c14334,sideentrance.tech,premium,,,56,72,13,,,
771b2759-e99c-4e5f-8a19-9604c02a982c,smasher.tech,premium,,,64,76,7,,,
072cd875-7a3a-4abe-be72-0d76fac797c3,polygons.tech,premium,,,,44,8,,,
6ba4b4d0-c5dc-433f-8fd1-1daf815d9395,bicycletire.tech,premium,,,58,72,12,,,
75cbd703-5607-41e4-9903-2558d5dc98d2,organ.tech,resell,,,70,12,5,"Chengdu West Dimension Digital Technology Co., Ltd.",14/08/2015 11:42,14/08/2026 23:59
19df8bfc-4efb-4ad2-9245-69c90284a36c,bionics.tech,premium,,,68,76,7,,,
3f8638ed-202d-47f8-b8b8-8e15f2db760e,worktops.tech,premium,,,,32,8,,,
df158e8a-89d3-4e82-8032-32f08a2bb01a,gigantically.tech,premium,,,50,72,12,,,
3d2afaa8-cb2c-4567-94f0-23957c61727e,passageways.tech,premium,,,,16,11,,,
4baf7bf3-316b-476b-91dc-ccd47ffea0e9,FerryhillStation.tech,premium,,,48,4,17,,,
3e6910c4-b436-40fe-89b1-70e78d465f3a,highdensity.tech,premium,,,58,76,12,,,
e1de93e3-2a30-420f-bc62-3f8553a9ef0a,germicide.tech,premium,,,60,1,9,,,
5f2e1757-59c7-4d40-b429-e28eea093a54,thermostat.tech,premium,,,60,84,10,,,
4ce46392-fbe5-490a-89e2-7391e2aff532,commonglowworm.tech,premium,,,58,72,16,,,
97f216d7-e5b0-4073-b5c5-79605727516e,seagull.tech,resell,,,74,14,7,Xin Net Technology Corporation,10/07/2016 23:29,10/07/2026 23:59
ea5ef0c8-a3da-4b13-9b4a-59aca0c1a92c,sexthrill.tech,premium,,,,72,10,,,
1f31cbf0-2b4b-4c61-8cab-1196a7765b2d,orgastic.tech,premium,,,62,72,8,,,
2a0939cb-4714-4763-aeda-89b1d8a569ca,Stannah.tech,premium,,,52,76,7,,,
57b1a4a5-6420-4345-b2e9-d5962fe540fe,aswell.tech,premium,,,72,5,7,,,
a61a788c-d641-4335-b376-df194eea6ed3,matchable.tech,premium,,,74,80,9,,,
bdc39a81-8e23-4ec1-86a1-c4b2f2dcff13,multiselect.tech,premium,,,76,76,11,,,
3c0cae9b-6138-4673-a0d8-2e8f1d4e8a4f,patheticfallacy.tech,premium,,,58,76,16,,,
2e26556b-3cca-4209-b7d1-beb430ae90fe,crestedporcupine.tech,premium,,,56,72,17,,,
4ce89bd1-3558-43b9-b8f7-ce06dcb3ff88,ionizationenergy.tech,premium,,,54,72,17,,,
199e2ce3-8327-47c3-ada7-4f0445f06a92,arborous.tech,premium,,,52,1,8,,,
4fecde45-18d9-44ba-b1cf-67bdea426f5a,LittleValley.tech,premium,,,54,72,13,,,
775d0df8-8c1e-4e47-b1ae-cfbe76700492,suitors.tech,premium,,,,4,7,,,
bf4f1f20-b507-44a0-b30e-5422ff82569e,seventyfive.tech,premium,,,,68,12,,,
1228236c-fa18-450d-8b47-a2bf3560f0d3,safeseat.tech,premium,,,54,72,9,,,
0b42cb55-d545-4b3c-9c7e-c8ef4fc1e5c9,abaxially.tech,available,49.98,,44,72,9,namecheap,,
7246159d-a953-4115-aca0-8100a225bcf4,fortynine.tech,premium,,,56,3,10,,,
1af47011-0771-4bcc-b1b6-aff5fff210ff,unstated.tech,premium,,,50,76,8,,,
6a2d5a32-9737-4052-af1f-aabbbfcb96a5,mudbug.tech,premium,,,60,80,6,,,
767d644a-cce4-4f0b-98b6-0e0caaa6a705,sugarplate.tech,premium,,,,72,11,,,
cb8ee3da-bd48-4683-9cd4-dfe344d2b97e,lanoxin.tech,premium,,,60,76,7,,,
5e0002b0-8750-4749-9f55-6828efd345f4,weathermap.tech,premium,,,56,76,11,,,
845fc5c4-22d1-4c43-bb5e-f782dd0efb70,dimeadozen.tech,premium,,,36,20,12,,,
34f88812-6d90-4623-b96f-db3234bdfe39,taters.tech,premium,,,62,88,6,,,
10ae0197-9f44-49da-93db-334786e14a6f,highstepping.tech,premium,,,53,72,13,,,
b9d55c31-1bfe-4e87-81eb-ee0e447d69a0,uprightness.tech,premium,,,,8,11,,,
458daa00-4d27-40d2-9cd8-7b2c222028a6,neruda.tech,premium,,,66,88,6,,,
2b80fadc-3e1b-4389-9801-037c42fb2ff6,terrified.tech,premium,,,50,3,9,,,
81a3cf37-ed06-4b73-bbaf-de519f553946,biopesticide.tech,premium,,,56,72,12,,,
b617ea6c-8a9e-497f-a9bb-1ede60574160,Spanishdollar.tech,premium,,,,72,14,,,
f7fbfdb8-eb95-4773-af90-f8e9d8f47985,largest.tech,premium,,,54,72,7,,,
43ae3850-f3e1-4167-abb2-6a2b5b032398,meatloaf.tech,premium,,,63,72,9,,,
e7c5a994-2919-4bb8-bf4a-d7ee9f6a8bc2,finalise.tech,premium,,,72,76,8,,,
5e8c0406-f51a-4816-b0a9-78f6979f81d8,steamedpudding.tech,premium,,,64,72,15,,,
605f01cc-198c-4ffa-88f7-e0b377128776,boxitout.tech,premium,,,36,76,10,,,
9bda90a6-3036-4224-916e-7ed4b9a66d4c,PortMoresby.tech,premium,,,,12,12,,,
f67bd884-ab2b-4386-9d4a-e49eb8a97624,countrywoman.tech,premium,,,56,20,12,,,
8ae0813f-b717-4950-94f3-95b180547295,interplate.tech,premium,,,52,72,10,,,
e9d2cf0e-a3a5-405a-95d5-8031f24f8843,company.tech,premium,,,98,32,7,,,
9ba2c06b-2375-429f-855d-ec303b93e15f,hollering.tech,premium,,,58,72,9,,,
8d4a942d-1ec0-4e32-aacb-82fe0ca92844,veneering.tech,premium,,,60,72,9,,,
e6b4f4c1-247f-4b27-9d86-3cde4b3204ec,keepittogether.tech,premium,,,72,2,16,,,
80685606-73a7-4caa-8b6d-1abf174663fe,Weststellingwerf.tech,premium,,,50,72,16,,,
3aca9ad5-f174-4fb8-98af-5bf86a7db82e,ignition.tech,resell,,,70,88,8,"CHENGDU WEST DIMENSION DIGITAL TECHNOLOGY CO., LTD.",22/10/2017 00:11,22/10/2027 23:59
db1da315-5291-4b6b-913e-f7556de0c53e,escapeclause.tech,premium,,,56,72,13,,,
d1da337a-41c9-4d69-ae0f-9954c45607cb,spirituals.tech,premium,,,,32,10,,,
58d81912-6d3d-4d16-a87c-9699acf08220,retirementhome.tech,premium,,,56,76,15,,,
954ecd73-0b10-45c6-b783-60d884373d1d,subtype.tech,premium,,,86,80,7,,,
97fb8034-52b4-435a-8610-b91a9bd560eb,renderer.tech,premium,,,62,76,8,,,
693a382f-c594-4cbb-9a53-ac173eee2bed,Annarbour.tech,premium,,,52,72,9,,,
24c644e0-0b09-4901-baaf-35b6b1cfc435,conventionalPCI.tech,premium,,,56,4,16,,,
636498c4-9b8c-451a-9eed-31aa317ec0f3,puttinggreen.tech,premium,,,56,72,13,,,
168aadd4-e33b-476d-8b93-bb75a669d1c1,aspirer.tech,premium,,,52,3,7,,,
4fd7def6-949c-4176-9a25-9c1f2b28e457,judicious.tech,premium,,,56,72,9,,,
e494f249-11a1-4399-90fa-d0d66c007fd1,inspecie.tech,premium,,,48,12,9,,,
400796bf-180e-49c2-89f8-d5032cec0eb2,businesssock.tech,premium,,,40,4,13,,,
9138cef4-6a07-49c6-8d59-793882403bca,doffed.tech,premium,,,38,8,6,,,
a27596ce-0d7a-414c-98fb-9d8e2e54f370,narrowgauge.tech,premium,,,,12,12,,,
9a62c79f-8012-40b4-9c0e-130b5f00b3f7,repeatable.tech,premium,,,52,84,10,,,
baeea32d-5150-4a07-8abf-82ad31583532,massproduction.tech,available,13.99,84.99,54,72,15,name.com,,
7a077786-4c2e-4ad3-b007-286f538a9329,scratchpad.tech,premium,,,54,88,10,,,
1c1ff245-3614-4dcf-8b15-0519922e0af8,Lamborghini.tech,resell,,,84,100,11,Namecheap,24/12/2023 01:52,24/12/2025 23:59
a03bffbd-6e33-44f9-948c-dc5e814a6803,fashionwise.tech,premium,,,62,8,11,,,
816fcc5c-45c7-4abf-ada6-4414e403c772,saltcellars.tech,premium,,,,4,12,,,
61cae1ef-d76e-45e8-9673-8e70853d18fe,plowstop.tech,premium,,,,72,9,,,
eb61b3bf-cc4c-4857-aa46-37eaf108b535,had.tech,premium,,,70,17,3,,,
99b5b98e-99ed-4609-ba27-97f49a522550,MontyHallproblem.tech,premium,,,54,72,18,,,
4fae4113-9928-41f1-a7bc-b8916555a0a6,knitcap.tech,premium,,,56,72,8,,,
02917e4a-26a0-4831-909c-648343163a63,mrs.tech,premium,,,76,84,3,,,
bb520354-dae9-4a8f-b44c-5f473da24e46,effuse.tech,premium,,,94,76,6,,,
259f4c5a-0b1e-47d9-81d4-ca3e633112a7,extravagancies.tech,premium,,,50,8,14,,,
4c40269e-4d21-4fff-91c6-97eb3bd25c52,convectional.tech,premium,,,54,8,12,,,
f1f2a759-dbb6-474f-aef6-51da52302f08,insuperably.tech,premium,,,44,72,11,,,
f7571d6c-4e99-46d8-8f8e-a320c30a2f08,accurate.tech,resell,,,78,19,8,"DNSPod, Inc.",27/01/2020 10:09,27/01/2027 23:59
d8bd08d4-e9e2-42ec-838a-0ec010badfa7,beaked.tech,premium,,,58,2,6,,,
baebe943-35e6-4bdb-99e4-63157759c642,phytophagy.tech,premium,,,,4,10,,,
9ce2629c-f815-4872-a4c6-624e15eeae9c,microevolution.tech,premium,,,54,12,14,,,
fb68113d-c60d-4a8f-a755-8d07e3a8ab94,cornryebread.tech,premium,,,50,4,14,,,
1b478063-8751-4721-8490-f2c706bdb8e5,borne.tech,premium,,,66,12,5,,,
3ecb85e3-04ae-4aa6-a3d3-57fa4cc2b277,wound.tech,resell,,,88,15,5,Xin Net Technology Corporation,08/06/2019 08:44,08/06/2026 23:59
aa89ac82-92bd-422c-b457-8b047e3b34ec,invigilator.tech,premium,,,60,72,11,,,
da4815f1-7238-4074-be0a-39fd9c2b8bac,ser.tech,premium,,,76,19,3,,,
b13de803-b26b-486b-869f-2d9174c8203d,chargeback.tech,premium,,,54,88,10,,,
2289dd23-16ee-4690-933c-fb5aed388d9c,avellane.tech,premium,,,66,1,8,,,
aa7526e0-41a8-4d42-b2c7-6b2cfe185810,throwabout.tech,premium,,,,1,11,,,
e734df6a-8668-4c76-b4da-3b3022f6f4f5,greataunt.tech,premium,,,52,72,10,,,
f6543f34-d962-4b65-a1b7-bed7fc4bbff4,Indianrummy.tech,premium,,,62,24,12,,,
77cfe79c-ec66-4fa0-82f2-ba2f251f769a,pizzeria.tech,premium,,,82,9,8,,,
0cc17867-74c7-48c3-b8c3-c979f1f97692,readopt.tech,premium,,,64,72,7,,,
38262f78-7f7c-4ce1-ade5-8f4fcff94a1e,uttermost.tech,premium,,,76,76,9,,,
a9a7032c-c61a-46c6-9f80-71a5a6036e26,attractmode.tech,premium,,,60,72,12,,,
39b155e1-406f-435a-8b1f-14473b7b1ec6,pens.tech,premium,1562.5,6250,,12,4,name.com,,
2810bf95-9bfd-43e0-b93c-eb0347bb40fe,eggplants.tech,premium,,,46,20,9,,,
3bee3e90-2ac9-4174-9127-deefced27628,lightnings.tech,premium,,,38,24,10,,,
9060dc27-5a2b-4883-9935-58f327485d4e,UPSR.tech,premium,,,52,72,4,,,
9d861569-7824-434b-85c3-2628a3061d1a,adulterine.tech,premium,,,68,1,10,,,
1fba97f7-06d1-4ff5-a458-8fd26c11569f,cribrose.tech,premium,,,52,72,8,,,
c18912e4-62c9-44ab-9b38-d739594aaebd,accessing.tech,premium,,,36,72,9,,,
110263c3-d505-4965-9e8d-fb42f84bf595,bundleoff.tech,premium,,,60,72,10,,,
2ce12da3-c014-491e-a9c9-967dbdd83247,Europeanbirdcherry.tech,premium,,,36,72,20,,,
e31c018e-d1e1-4f44-b177-735346d4bf7f,bigthatch.tech,premium,,,34,8,10,,,
690a5cfa-89be-4ff0-af62-52ae1fcc4cb8,dentition.tech,premium,,,58,72,9,,,
5e14ee3e-c1a7-42a3-ae16-f3093adfc94f,Athenry.tech,premium,,,56,72,7,,,
43da1ab7-d5b9-4e83-a8d5-f9a8025f6e3d,chocoholic.tech,premium,,,84,84,10,,,
8db14442-a619-418d-9ab6-4aa4723ad758,productive.tech,premium,,,68,84,10,,,
f2922071-7dc0-421b-9065-d93f4c6530b7,rentfree.tech,premium,,,64,72,9,,,
b83ac51a-4b28-432f-a102-1401a0cdc019,airsuspension.tech,premium,,,64,80,14,,,
e1b6ca94-0b84-476e-be83-693285563483,luggage.tech,premium,,,74,13,7,,,
ca54716e-d6b7-4a77-9b3d-99e2e4a4e728,japery.tech,premium,,,60,72,6,,,
eaffba5b-909f-4d47-bc3c-606906a2c6a4,weaktea.tech,premium,,,,72,8,,,
051d9b6c-4983-46e5-a3a5-9fa41954d312,treasury.tech,resell,,,68,84,8,Namecheap,10/06/2020 21:07,10/06/2026 23:59
eab01539-9a18-4022-93e3-5c679149a478,toxicity.tech,premium,,,56,80,8,,,
73c0dbdb-7f4b-447d-89e7-0d22b4c33c5e,catchair.tech,premium,,,66,72,9,,,
c6d9234c-fabc-4f01-9a10-e212d4494658,fantastico.tech,premium,,,56,76,10,,,
e849cded-a6e8-4c96-839c-b64fd067fb9a,fingermarked.tech,premium,,,40,72,13,,,
4745b7e2-93f1-4cfb-a975-27e1a2d5a2e4,Jamaicapepper.tech,premium,,,60,72,14,,,
a9630d5c-143e-4c0f-8f3a-bb2265964fa3,BSA.tech,premium,,,76,88,3,,,
462bc3a3-d26b-4b46-9c4b-d3e3d6a30f36,shaikhdom.tech,premium,,,56,72,9,,,
bfcf99ad-e4d0-45bc-8519-66bc3e989787,Castelgandolfo.tech,premium,,,48,72,14,,,
38c097e3-3337-46d7-80e6-ab3d80afbce6,beigel.tech,premium,,,70,80,6,,,
73b4175a-e51a-4c91-8f4b-2f7d70e9cb6b,strewth.tech,premium,,,62,76,7,,,
3afc06aa-4b1c-4caa-b6d5-8054450e3f2d,gointheoutdoor.tech,premium,,,56,72,18,,,
3eae60aa-5ba7-4463-b314-e4cbf0a2d1cc,accrementitial.tech,premium,,,34,72,14,,,
d9062627-a6cf-4a70-9e4d-0b06376e6d39,concrete.tech,premium,325,1300,102,32,8,namecheap,,
03a0bb8f-26c4-44c1-9cb9-554a132b57c9,ninjastar.tech,premium,,,58,76,10,,,
1f641678-c6d3-450f-9996-f08efad07edf,presenting.tech,premium,,,,36,10,,,
2f9447e8-5d54-491a-9c76-8c6f65c805a0,veryyes.tech,premium,,,52,76,8,,,
e6cd2633-d337-4ab0-b71c-4a068ec90f7c,boxgum.tech,premium,,,42,8,7,,,
a9e319b1-baf4-4ad1-b043-c8d70dadf65f,silkstocking.tech,premium,,,,8,13,,,
dbb3486b-438b-42de-8c3f-1bbb59315269,carnify.tech,premium,,,58,72,7,,,
ce7759e3-2a5e-4f12-8f33-149fce6bd9a1,awfulness.tech,premium,,,60,1,9,,,
e4fb2c12-42a4-491b-bf7c-ab60fe8d7d14,pronominalverb.tech,premium,,,52,72,15,,,
4b3c0c0c-56ca-454e-b571-07b023411e18,grandscheme.tech,premium,,,54,84,12,,,
50aee391-7e61-4159-b1ab-3cd53ecd08b0,eating.tech,premium,,,92,15,6,,,
666fb6da-5ff4-4a1e-8369-d104c08e9f7e,goodole.tech,premium,,,58,72,8,,,
230d6898-6771-4e51-b0f8-2455337369bc,Serbs.tech,premium,,,,2,5,,,
191017a0-2065-4320-8f79-91e15a42729a,dispatch.tech,premium,,,80,84,8,,,
35b7863b-e161-4cb7-b991-d6293de80983,fetalposition.tech,premium,,,56,72,14,,,
4a22dea4-0285-4187-9e07-8a003697e7af,colourcoded.tech,premium,,,54,72,12,,,
671dfa46-f678-4980-b155-1560adff9bc8,versifying.tech,premium,,,56,72,10,,,
61c1bf77-535a-4771-813f-cb25eed6bba5,pulchritude.tech,premium,,,,72,11,,,
05ce44a6-79fa-4622-a205-9c7cbc79fee9,girldinner.tech,premium,,,62,84,11,,,
9906a7f2-13a0-4201-a735-ec61d3328c2d,deducts.tech,premium,,,50,8,7,,,
2181f903-64be-4681-9246-207d22f7e2fe,accumbency.tech,premium,,,52,72,10,,,
0758fb61-c22f-484c-8f81-a80e6e2ac338,shampooer.tech,premium,,,58,72,9,,,
189a913f-fd00-4475-af71-83de1d6bbab3,attests.tech,premium,,,50,8,7,,,
ccebb8bd-b185-4169-a46e-2e714147a022,tallboys.tech,premium,,,,8,8,,,
11db2868-f607-4d91-957c-9d4924ad4d7d,Perthian.tech,premium,,,74,72,8,,,
2a991103-dcb3-4bab-880d-d19724202df5,teachingassistant.tech,premium,,,64,76,18,,,
7552a178-221f-412c-8f5a-2be130ca3350,fancysauce.tech,premium,,,56,72,11,,,
c71202ed-f307-426c-8821-5535d80650f2,kennel.tech,premium,,,56,76,6,,,
f068a341-c10b-47e9-b787-7f021af81d0b,ChineseCanadian.tech,premium,,,44,72,16,,,
5ec0b621-ce03-4915-8fed-158379375d1a,wiggles.tech,premium,,,,44,7,,,
d25c99d0-0716-45cd-aecf-ba9777c49f86,distributionservers.tech,premium,,,36,4,20,,,
db3521cd-6197-4253-be91-36f07c7acbd0,coal.tech,premium,312.5,1250,50,84,4,name.com,,
964d98a0-0460-4d0b-9546-8f17974edaf4,modeler.tech,premium,,,74,5,7,,,
7f46928f-89b7-4b9f-a5e1-735e0c6176bd,freecorps.tech,premium,,,58,72,10,,,
33f80556-3aa5-4723-b20d-8f5c47381754,gelpen.tech,premium,,,82,1,7,,,
f2998e11-4db9-4e91-951e-6d6ed8ad03e5,funnythat.tech,premium,,,46,4,10,,,
df30b1bf-93bc-4cc1-955c-d1d8dfc68e6c,pensively.tech,premium,,,46,72,9,,,
0fd7c2d1-ea5e-480a-9db9-ef3d804181be,afore.tech,premium,,,54,84,5,,,
ac9d0091-61b8-47ad-b4e4-c2009b4e0ef1,almost.tech,premium,,,92,18,6,,,
2b39c0ca-43e7-454e-82dd-45e4999d59ea,earlyadopter.tech,premium,,,70,3,13,,,
149cc388-f2c7-4f16-bdbd-d8a2cb6253f2,functioncreep.tech,premium,,,36,72,14,,,
fda7e61e-b534-4874-a435-a51f64b845b1,sombrero.tech,premium,,,46,80,8,,,
d7493c33-4fc7-4273-b409-0a539cd057fa,hitupon.tech,premium,,,62,72,8,,,
dc181f63-9e23-4105-a36c-370e65ec5844,passaround.tech,premium,,,,72,11,,,
c31cff13-72bc-4e82-b008-216bba6acc7b,funnyman.tech,premium,,,64,72,9,,,
9eaaa6a4-c766-4338-b200-158d9a34bb85,eyebrowpencil.tech,premium,,,58,72,14,,,
9a0295ae-a1dc-4444-858e-84fcc7c94c17,coronaryartery.tech,premium,,,52,72,15,,,
213206f7-e7fc-4913-ad8c-6857c6bca45a,brakehorsepower.tech,premium,,,56,72,16,,,
471d69bd-1f4e-4455-98a1-6c1d0a161826,computerlanguage.tech,premium,,,78,1,17,,,
5a180c07-3b62-4a40-b76f-35c677ba401b,ratemaking.tech,premium,,,,12,10,,,
30b71e0f-8cc7-4f17-9568-5a17149c313b,simplifiedly.tech,premium,,,50,72,12,,,
b3885386-4915-44e9-877e-06a61c53cd97,spincontrol.tech,premium,,,,76,12,,,
69456fc7-c364-471c-b94a-39d886fbcb4a,productionvalue.tech,premium,,,64,76,16,,,
6cc9571e-0b13-480d-9e9c-b915f40fe230,bass.tech,premium,,,64,28,4,,,
c618c2b2-14fc-414b-96f3-c6054893cc97,astronautically.tech,premium,,,50,8,15,,,
598d98e2-d3d7-4830-b421-e336749a6a22,hatchy.tech,premium,,,62,72,6,,,
b1d3253b-ad43-4dea-ae06-b84531eb65e7,convert.tech,premium,,,90,88,7,,,
576b9e33-2e88-478a-b690-af5bc3a66e2a,crikey.tech,premium,,,66,76,6,,,
a801d290-4cc1-446b-b532-bee455faa572,framehouse.tech,premium,,,62,76,11,,,
ca46c471-e43e-49af-a315-ff7d6bcb36d0,entrain.tech,premium,,,80,80,7,,,
aa2bb3ae-f338-40f9-a839-2a3c88fca411,KingstonPark.tech,premium,,,60,12,13,,,
0b245b06-1bcf-4435-83eb-f3ca15e6d67c,netmaking.tech,premium,,,,16,9,,,
7cb5c90c-07db-4435-b895-48aea5fe46e7,facepack.tech,premium,,,62,72,9,,,
a9c6ce96-a6b8-4d71-ad05-9118f060f4f1,colorado.tech,premium,,,70,76,8,,,
04492866-a529-4c5b-b9fc-c7584429b1d9,slots.tech,premium,,,,31,5,,,
bdcf7090-7287-4a41-a102-78a8f9e9e65e,Univ.tech,premium,,,52,84,4,,,
0523e386-918b-4e26-b199-06a03c2b523e,airkick.tech,premium,,,64,76,8,,,
28c3d44a-8969-4900-9d81-494c4385657a,SeaofMarmara.tech,premium,,,,72,14,,,
fa941585-eaf1-4265-8b3a-42a0b48fa059,bringuptherear.tech,premium,,,60,4,17,,,
4f99de3c-1a5e-475b-bc7a-7340d5b9f81a,festivals.tech,premium,,,52,40,9,,,
1f5df524-bef7-4623-b4cc-7972154945a2,alumna.tech,premium,,,68,76,6,,,
011c2c56-9b0b-45de-8bd6-70e70afa7d20,halfback.tech,premium,,,80,76,8,,,
e8f168d9-f527-4956-9cd4-379b3ff51cce,minocin.tech,premium,,,56,72,7,,,
e3c81824-dcf5-4060-8200-32e5eae6c0df,biochemical.tech,premium,,,84,68,11,,,
49e1c10e-f878-4b7c-bf45-f564522df8a2,knownknown.tech,premium,,,56,72,11,,,
a196867a-3c23-4a16-a574-77c4ed7c95d2,soupkitchen.tech,premium,,,52,76,12,,,
1c619721-31dc-4b7c-96e7-5230fcdea211,lasvegas.tech,premium,,,66,80,9,,,
63d6f27c-539c-4582-992d-6cb0ac11435d,backtherighthorse.tech,premium,,,64,72,20,,,
e19f24f1-c254-4a41-933c-3c99d2ec8026,charleyhorse.tech,premium,,,52,72,13,,,
78598687-c149-46a7-bc04-98cbf475702b,poweradaptor.tech,premium,,,58,76,13,,,
acd86d36-614e-4d7c-800d-3463db945156,preciouscoral.tech,premium,,,,8,14,,,
b7fca802-17b3-4e25-88a2-b75ffdb0d589,makethewelkinring.tech,premium,,,64,72,20,,,
5f1eb5ab-2619-491d-b13b-f946084e9f37,greensloke.tech,premium,,,38,72,11,,,
cd041f57-2384-4fa3-92a4-4cdcb938d31a,costumes.tech,premium,,,46,44,8,,,
ebae99e2-5d31-4e7a-96eb-b6acbd93ce0d,haveafaceon.tech,premium,,,62,72,14,,,
c83b077d-5b8f-4fa1-8c43-9864dea8167f,instructively.tech,premium,,,50,72,13,,,
73dc2031-68a2-4146-90cc-4219a1b1b419,Jonny.tech,premium,,,52,92,5,,,
2bf41cbe-b9aa-412b-bd97-6f478b4dc68b,tenpins.tech,premium,,,58,72,7,,,
835f43db-570b-44f8-9aca-f4cd8f1a7a8b,golddigger.tech,premium,,,60,76,11,,,
6cdcaa54-e0ee-4114-936f-042f7045bdfe,Randall.tech,premium,,,62,76,7,,,
d6e3c1cc-af5c-4c31-9670-467f98feeed8,basswood.tech,premium,,,52,76,8,,,
e86de2b9-0c08-47a8-8415-09028874133b,genuinefake.tech,premium,,,56,72,12,,,
ea96bb89-c43e-462b-8c6a-fcfda00ef053,repairman.tech,premium,,,58,76,9,,,
4d3d1c42-db96-4915-8e92-e263bccfdfb4,Philippinelime.tech,premium,,,56,72,15,,,
855b4cf4-962e-43df-bc8d-31b5e82f462f,larns.tech,premium,,,38,8,5,,,
eca34eda-b6d1-4f39-b67a-c127fcb2796a,shooer.tech,premium,,,58,72,6,,,
28004dde-11b7-4ea5-9902-eabc91a86e4f,sealin.tech,premium,,,62,84,7,,,
18544fff-dd14-4135-9861-5fd3347852f1,actual.tech,resell,,,96,28,6,"Chengdu West Dimension Digital Technology Co., Ltd.",26/10/2017 08:13,26/10/2026 23:59
42c5a8e7-eb97-4c64-9b10-6968837e4e44,blading.tech,premium,,,58,20,7,,,
7431398f-17f5-45bd-9cfb-f2f51ccd69b9,tothinkthat.tech,premium,,,,2,13,,,
861db97d-f716-439c-acd9-0ebc9c625a78,absolves.tech,premium,,,36,8,8,,,
3dd9352b-5f6b-4aeb-8b0e-3d0da3bcdf7c,springtight.tech,premium,,,,72,12,,,
b8c47b5f-9c26-451b-977d-35d9c7142b49,syncretistic.tech,premium,,,48,72,12,,,
ae713ff4-21c7-4071-baad-4661173dbb09,divisionviol.tech,premium,,,56,72,13,,,
82b90743-96db-4fd9-8756-6c258a473f14,competing.tech,premium,,,60,3,9,,,
e801249d-c4cd-4e37-8d24-5ce9efa71e06,aural.tech,resell,,,68,10,5,Squarespace Domains LLC,19/12/2018 03:06,19/12/2026 23:59
c65bbc72-5f9f-4f58-9652-7ac56ea7ec3d,aspheric.tech,premium,,,44,2,8,,,
90a5cbff-e9be-413b-8011-e595962769c5,marriagelite.tech,premium,,,62,72,13,,,
2c954824-0175-41be-9727-4038ff0161a8,revered.tech,premium,,,77,5,7,,,
c0dfd3a8-3af5-410f-8e8c-75248ea297fc,uremic.tech,premium,,,56,1,6,,,
459cba7e-db4d-486d-96f6-cc124ac378e3,manualofstyle.tech,premium,,,64,72,15,,,
346ccbee-97d9-4dba-a18f-bdb2a27d2d43,voila.tech,premium,,,66,84,5,,,
f3ce2660-e240-4264-8aa2-a2ee41bdbe61,toolcase.tech,premium,,,54,80,9,,,
7cf88a63-dc8c-470e-864e-ecdde0946cb4,comeintotheworld.tech,premium,,,72,0,19,,,
b9ba5b7b-7a89-456a-bb52-8e428f01317f,surmounting.tech,premium,,,60,72,11,,,
b8319899-4394-4df0-8397-ae8533badb68,countercapitalism.tech,premium,,,54,72,17,,,
518ef744-1077-4fbc-ae72-e8baf3e8ef29,trickplay.tech,premium,,,,12,10,,,
63876e5c-c9fc-4bf7-9166-a06c916e34dd,hilllike.tech,premium,,,46,4,9,,,
3e70315b-b9a8-42c1-a3af-79a8b5e171cd,tripling.tech,premium,,,52,76,8,,,
44766ae1-1969-43c1-83b6-45873df9b827,chirped.tech,premium,,,42,12,7,,,
7947e433-1337-41b5-9ea5-19c93e9d874c,sewingkit.tech,premium,,,56,72,10,,,
61df8bf4-24e5-4395-903c-1ec8e700c9a1,havta.tech,premium,,,50,72,5,,,
5d9a8a31-d459-4d42-b179-b2147b58bb45,turbines.tech,premium,,,,28,8,,,
d28ffde3-fc1f-4634-91a7-707bf43aa43f,Salvatore.tech,premium,,,50,92,9,,,
d1c5e733-f6c0-4e22-98de-7c8a9f4a1bff,astigmatic.tech,premium,,,56,1,10,,,
18eef026-1a78-4fc4-a5fc-6f37b95d9517,viper.tech,premium,,,64,84,5,,,
9fdea697-b193-4bfd-b088-6d6416bc208d,lifespan.tech,premium,,,60,84,8,,,
35baeea9-491a-439c-9793-4318e59b0d8c,disposer.tech,premium,,,54,72,8,,,
b472c07b-7a13-47a3-ac64-e7033a57ab2b,databound.tech,premium,,,60,76,10,,,
6ac5a39e-78ac-4ce1-829c-1e871e1517cf,outofstate.tech,premium,,,,76,12,,,
0fdc70e1-4d6f-40ba-b9ba-0e0a67dc90c5,mintjelly.tech,premium,,,64,80,10,,,
2151b197-afed-47d7-9100-0091b82b3cd8,fresheners.tech,premium,,,46,8,10,,,
b1ef3c15-d8d3-4dbc-aa63-62e6f5265567,hannukah.tech,premium,,,68,2,8,,,
9cbaf029-ade5-4337-a830-d3b143f313e5,fidgety.tech,premium,,,64,2,7,,,
477b4169-1dbf-45a9-82ed-c8fd5fd8a6eb,accumbents.tech,premium,,,34,4,10,,,
7ca42d02-1b19-46da-b07d-eb254338a67b,duplications.tech,premium,,,42,12,12,,,
eb37eae3-7ff6-45ff-b343-70f4700e7d85,haircloth.tech,premium,,,55,72,9,,,
532c2e0b-dc8e-44e9-b72a-6f5b8bbc2300,guangdong.tech,premium,,,48,84,9,,,
a53f1403-17dc-4691-bbb5-7b87062ebcb3,grazing.tech,premium,,,64,76,7,,,
415cf7b8-1dd4-4d01-ad8c-25dc6ef29a7a,musicstick.tech,premium,,,68,72,11,,,
fd6a356c-594c-4a62-a84d-537607495afa,clearinghouses.tech,premium,,,40,16,14,,,
b2405e01-c4cc-4373-b353-7238463290b9,dipsticks.tech,premium,,,36,12,9,,,
e7a39486-f555-416b-81a9-a2b26608df2e,abitmuch.tech,premium,,,60,24,10,,,
3188b375-492f-4867-911a-7fc2ac0e4f68,threewood.tech,premium,,,,24,10,,,
b93ec912-0327-421f-a733-c8ea1dfd4456,coupon.tech,premium,,,86,88,6,,,